id,title,description,availability,condition,price,link,image_link,additional_image_link,brand,item_group_id,google_product_category,custom_label_0
RINC0250,Balon Noruega 250 ml,"Balon Noruega Rigolleau.
Capacidad 250 ml.
Caja de 48 unidades.
Opcional servicio de impresion.",in stock,new,1083.01 ARS,http://localhost:3000/producto/balon-noruega-250-ml,https://cdn.sanity.io/images/4sov2yyo/production/d01813e5712e37939e6ff401606edd5a7a805eec-1280x1280.png,,DC Inc,RINC0250,,
RING0420,Balon Noruega 420 ml,"Balon Noruega Rigolleau.
Capacidad 420 ml.
Caja de 36 unidades.
Opcional servicio de impresion.",in stock,new,1465.81 ARS,http://localhost:3000/producto/balon-noruega-420-ml,https://cdn.sanity.io/images/4sov2yyo/production/5f8bc7b9190c681eb80be0f5add81e5c8a1271f8-1280x1280.jpg,,DC Inc,RING0420,,
CB70LX24,Bandeja p/24 latas 354/473 ml,"• Bandeja de carton corrugado de 70 libras
• Para 24 latas de 354 o 473 ml
• Precio especial si la compras con envases
• A partir de 500 unidades la impresión es gratis, podes agregar la info que quieras. Tenes un costo unico que es para los clise de impresión que duran para futuras impresiones.",in stock,new,1110.88 ARS,http://localhost:3000/producto/bandeja-p-24-latas-354-473-ml,https://cdn.sanity.io/images/4sov2yyo/production/3a22049e3726b6a4b922571bf700595db9574576-1000x1000.jpg,,DC Inc,CB70LX24,,
BBS700FB,Botella Bariloche - 700 ml,"Botella Bariloche 700
• Envase para bebidas espirituosas - destilados
• Vidrio Super Flint (transparente)
• Capacidad 700 ml
• Altura 187,7 mm
• Peso 750 grs
• Boca interna -±0,5mm.
• Fabricación Industrial
• Origen China
• Adicionales disponibles: • Tapón sintético tipo ""T""
• Serigrafia - Decorado
• Precinto de seguridad termocontraible
• Caja para distribución
• Estuche Regalo
• Cristaleria decorada.
• Presentaciones opcionales:
• Cajas genérica de 30 unidades
• Pallet de 1144 unidades (medida 1,2 x 1,0 x 1,00 m)
• Pallet a medida (consultar recargo)",out of stock,new,4406.06 ARS,http://localhost:3000/producto/botella-bariloche-700-ml,https://cdn.sanity.io/images/4sov2yyo/production/da84917e348180694e39baf13bd189d68c188556-1000x1000.png,,DC Inc,BBS700FB,,
BOWV750BORG,Botella Borgoña Verde - 750 ml,"• Envase de vidrio nuevo para bebidas espirituosas.
• Capacidad 750 ml
• Altura 285 mm - Base 87 mm - Panel 88 mm - Peso 545 grs
• Boca sin rosca
• Color verde oliva
• Fabricación Nacional
Este producto se entrega fraccionado en cajas genericas. También en pallet: 100 x 120 x 198 cm.
Opcional cajas para distribucion de producto final, tambien podemos imprimir tu diseño.
Tapas corona disponibles.",in stock,new,983.51 ARS,http://localhost:3000/producto/botella-borgona-verde-750-ml,https://cdn.sanity.io/images/4sov2yyo/production/e3e33d6f14f6f3f24ee93a78fc791b88a45174d0-1000x1000.jpg,,DC Inc,BOWV750BORG,,
BOW750VG,Botella Guarda Verde - 750 ml,"• Envase de vidrio nuevo para espumantes, cervezas de guarda o sour.
• Capacidad 750 ml
• Altura 300 mm - Base 85 mm - Panel 99 mm - Peso 670 grs
• Boca corona de 28 mm
• Color verde oliva
• Fabricación Nacional
Este producto se entrega fraccionado en cajas genericas. También en pallet: 100 x 120 x 198 cm.
Opcional cajas para distribucion de producto final, tambien podemos imprimir tu diseño.
Tapas corona disponibles.",in stock,new,1196.54 ARS,http://localhost:3000/producto/botella-guarda-verde-750-ml,https://cdn.sanity.io/images/4sov2yyo/production/e3e33d6f14f6f3f24ee93a78fc791b88a45174d0-1000x1000.jpg,,DC Inc,BOW750VG,,
BBS750FIR,Botella Irlanda - 750 ml,"Botella Irlanda 750
• Envase para bebidas espirituosas - destilados
• Vidrio Super Flint (transparente)
• Capacidad 750 ml
• Altura 207,6 mm
• Peso 750 grs
• Boca tapón.
• Fabricación Industrial
• Origen China
• Adicionales disponibles: • Tapón sintético tipo ""T""
• Serigrafia - Decorado
• Precinto de seguridad termocontraible
• Caja para distribución
• Estuche Regalo
• Cristaleria decorada.
• Presentaciones opcionales:
• Cajas genérica de 30 unidades
• Pallet de 1560 unidades (medida 1,2 x 1,0 x 1,30 m)
• Pallet a medida (consultar recargo)",in stock,new,4062.22 ARS,http://localhost:3000/producto/botella-irlanda-750-ml,https://cdn.sanity.io/images/4sov2yyo/production/7ed9c1a2465237196aec7849ff4378e17b00c0e1-1000x1000.png,,DC Inc,BBS750FIR,,
BBS750FL,Botella London - 750 ml,"Botella London 750
• Envase para bebidas espirituosas - destilados
• Vidrio Super Flint (transparente)
• Capacidad 750 ml
• Altura 252 mm
• Peso 680 grs
• Boca interna 22,5±0,5mm.
• Fabricación Industrial
• Origen China
• Adicionales disponibles: • Tapón sintético tipo ""T""
• Serigrafia - Decorado
• Precinto de seguridad termocontraible
• Caja para distribución
• Estuche Regalo
• Cristaleria decorada.
• Presentaciones opcionales:
• Cajas genérica de 30 unidades
• Pallet de 572 unidades (medida 1,2 x 1,0 x 1,20 m)
• Pallet a medida (consultar recargo)",in stock,new,4246.42 ARS,http://localhost:3000/producto/botella-london-750-ml,https://cdn.sanity.io/images/4sov2yyo/production/2a13f3c9f76d306aed7c39b8303ac365a4f30b61-1000x1000.jpg,,DC Inc,BBS750FL,,
BBS750FM,Botella Miami - 750 ml,"Botella Miami 750
• Envase para bebidas espirituosas - destilados
• Vidrio Super Flint (transparente)
• Capacidad 750 ml
• Altura 248,5 mm
• Peso 770 grs
• Boca interna 21,5±0,5mm.
• Fabricación Industrial
• Origen China
• Adicionales disponibles: • Tapón sintético tipo ""T""
• Serigrafia - Decorado
• Precinto de seguridad termocontraible
• Caja para distribución
• Estuche Regalo
• Cristaleria decorada.
• Presentaciones opcionales:
• Cajas genérica de 30 unidades
• Pallet de 715 unidades (medida 1,2 x 1,0 x 1,30 m)
• Pallet a medida (consultar recargo)",out of stock,new,4430.62 ARS,http://localhost:3000/producto/botella-miami-750-ml,https://cdn.sanity.io/images/4sov2yyo/production/bce902ee5d8096f4da1e2090e4f1d2b176e0eafa-1000x1000.png,,DC Inc,BBS750FM,,
BBS750FN,Botella Niza - 750 ml,"Botella Niza 750
• Envase para bebidas espirituosas - destilados
• Vidrio Super Flint (transparente)
• Capacidad 750 ml
• Altura 210 mm
• Peso 680 grs
• Boca interna 22±0,5mm.
• Fabricación Industrial
• Origen China
• Adicionales disponibles: • Tapón sintético tipo ""T""
• Serigrafia - Decorado
• Precinto de seguridad termocontraible
• Caja para distribución
• Estuche Regalo
• Cristaleria decorada.
• Presentaciones opcionales:
• Cajas genérica de 30 unidades
• Pallet de 1320 unidades (medida 1,2 x 1,0 x 1,30 m)
• Pallet a medida (consultar recargo)",out of stock,new,3755.22 ARS,http://localhost:3000/producto/botella-niza-750-ml,https://cdn.sanity.io/images/4sov2yyo/production/a6cbcfc061daa9db9976ea1dde117aa5eba7b30c-1000x1000.png,,DC Inc,BBS750FN,,
BOW1000,Botella OI - 1000 ml,"• Envase de vidrio nuevo
• Capacidad 1000 ml
• Altura 309 mm - Base 87,9 mm - Panel 12,6 mm - Peso 580 grs
• Boca corona de 26 mm
• Color ambar
• Fabricación Nacional
Este procucto se entrega en cajas de 32 unidades.
Opcional cajas para distribucion de producto final, tambien podemos imprimir tu diseño.
Tapas corona disponibles.",in stock,new,949.18 ARS,http://localhost:3000/producto/botella-oi-1000-ml,https://cdn.sanity.io/images/4sov2yyo/production/d0e04b4e36d9bfb0da6177e9626567c10c93d728-1000x1000.jpg,,DC Inc,BOW1000,,
BOW355,Botella OI - 355 ml,"• Envase de vidrio nuevo
• Capacidad 355 ml
• Altura 227 mm - Base 63 mm - Panel 90 mm - Peso 255 grs
• Boca corona de 26 mm
• Color ambar
• Fabricación Nacional
Este procucto se entrega en cajas de 40 unidades.
Opcional cajas para distribucion de producto final, tambien podemos imprimir tu diseño.
Tapas corona disponibles.",in stock,new,403.91 ARS,http://localhost:3000/producto/botella-oi-355-ml,https://cdn.sanity.io/images/4sov2yyo/production/f88765bd90853b6ca9ca695142ea151f4aa2394b-1000x1000.jpg,,DC Inc,BOW355,,
BOW500,Botella OI - 500 ml,"• Envase genérico de vidrio nuevo de color ámbar
• Capacidad a punto de llenado 500 ml
• Máxima presión interna 3.000 Gas Vol
• Medidas Altura 219 +-2 mm -Base 75 +-1,6 mm
• Area de etiquetado: Panel 92 mm
• Peso del envase 335 +- 20 grs
• Boca corona de 26 mm
• Producto Nacional
Embalaje: Este procucto se entrega en cajas de cartón corrugado de 32 unidades.
Opcional cajas de cartón corrugado para distribucion/entrega de tu producto final, tambien podemos imprimir tu diseño.
Tapas corona de diferentes colores y tamaños.",out of stock,new,581.49 ARS,http://localhost:3000/producto/botella-oi-500-ml,https://cdn.sanity.io/images/4sov2yyo/production/a59c6d43c253819165d3a29d17fa1ba9a2da2ba9-1000x1000.jpg,,DC Inc,BOW500,,
BOW660,Botella OI - 660 ml,"• Envase de vidrio nuevo
• Capacidad 660 ml
• Altura 285 mm - Base 76 mm - Panel 120 mm - Peso 400 grs
• Boca corona de 26 mm
• Color ambar
• Fabricación Nacional
Este procucto se entrega en cajas de 30 unidades.
Opcional cajas para distribucion de producto final, tambien podemos imprimir tu diseño.
Tapas corona disponibles.",in stock,new,641.06 ARS,http://localhost:3000/producto/botella-oi-660-ml,https://cdn.sanity.io/images/4sov2yyo/production/e088b6d9a66250303fd5f57ebfadc48255fa0b8d-1000x1000.jpg,,DC Inc,BOW660,,
BOWF750BIT,Botella OI Flint Bitter - 750 ml,"• Envase de vidrio nuevo para bebidas espirituosas.
• Capacidad 750 ml
• Altura 298,5 mm - Base 79,5 mm - Panel 164,5 mm - Peso 575 grs
• Boca con rosca.
• Opción tapa pilfer 31,5x44 mm.
• Color flint / transparente.
• Fabricación Nacional
Este producto se entrega fraccionado en cajas genericas. También en pallet: 100 x 120 x 198 cm.
Opcional cajas para distribucion de producto final, tambien podemos imprimir tu diseño.",in stock,new,1068.86 ARS,http://localhost:3000/producto/botella-oi-flint-bitter-750-ml,https://cdn.sanity.io/images/4sov2yyo/production/1003daa77beb2327c2c9e957743b1afa4fc1ebf2-1000x1000.jpg,,DC Inc,BOWF750BIT,,
BOWF750KALE,Botella OI Kaleido - 750 ml,"Botella Kaleido
• Envase para bebidas espirituosas - destilados
• Vidrio Super Flint (transparente)
• Capacidad 750 ml
• Altura 220±1,6 mm
• Peso 775 grs
• Boca interna 21,5±0,5mm.
• Fabricación Industrial
• Origen Colombia
• Adicionales disponibles: • Tapón sintético tipo ""T"" ideal 34 X 12 / Ø 22,5
• Serigrafia - Decorado
• Precinto de seguridad termocontraible
• Caja para distribución
• Estuche Regalo
• Cristaleria decorada.
• Presentaciones opcionales:
• Cajas genérica de 30 unidades
• Pallet de 1080 unidades (medida 1,2 x 1,0 x 1,98 m)
•
Pallet a medida (consultar recargo)",in stock,new,2437.01 ARS,http://localhost:3000/producto/botella-oi-kaleido-750-ml,https://cdn.sanity.io/images/4sov2yyo/production/42fa6a4fde9bf290ec2e0b903eb4bd5692e1c56e-1000x1000.jpg,,DC Inc,BOWF750KALE,,
BOWV750BIT,Botella OI Verde Bitter - 750 ml,"• Envase de vidrio nuevo para bebidas espirituosas.
• Capacidad 750 ml
• Altura 298,5 mm - Base 79,5 mm - Panel 164,5 mm - Peso 575 grs
• Boca con rosca.
• Opción tapa pilfer 31,5x44 mm.
• Color verde esmeralda.
• Fabricación Nacional
Este producto se entrega fraccionado en cajas genericas. También en pallet: 100 x 120 x 198 cm.
Opcional cajas para distribucion de producto final, tambien podemos imprimir tu diseño.",in stock,new,1002.37 ARS,http://localhost:3000/producto/botella-oi-verde-bitter-750-ml,https://cdn.sanity.io/images/4sov2yyo/production/82f056a60e987b531f40c9f3dc644c2f318c7757-1000x1000.jpg,,DC Inc,BOWV750BIT,,
B1000,Botella R - 1000 ml,"• Envase de vidrio nuevo
• Capacidad 1000 ml
• Altura 290 mm - Base 88 mm - Panel 106 mm - Peso 480 grs
• Boca corona de 26 mm
• Color ambar
• Fabricación Nacional
Este producto se entrega en cajas genericas de 20 unidades cada una.
Opcional cajas para distribucion de producto final, tambien podemos imprimir tu diseño.
Tapas corona disponibles.",in stock,new,882.19 ARS,http://localhost:3000/producto/botella-r-1000-ml,https://cdn.sanity.io/images/4sov2yyo/production/32903ad44681cf6020c800d095b7bc38a5961d44-1000x1000.jpg,,DC Inc,B1000,,
B330,Botella R - 330 ml,"• Envase de vidrio nuevo
• Capacidad 330 ml
• Altura 209 mm - Base 60 mm - Panel 78 mm - Peso 190 grs
• Boca corona de 26 mm
• Color ambar
• Fabricación Nacional
Este producto se entrega en cajas genericas de 40 unidades cada una.
Opcional cajas para distribucion de producto final, tambien podemos imprimir tu diseño.
Tapas corona disponibles.",in stock,new,388.37 ARS,http://localhost:3000/producto/botella-r-330-ml,https://cdn.sanity.io/images/4sov2yyo/production/d01e1b65dfdd6c792a0d418a5ce2ecaafc91b084-1000x1000.jpg,,DC Inc,B330,,
B355,Botella R - 355 ml,"• Envase de vidrio nuevo
• Capacidad 355 ml
• Altura 227 mm - Base 63,4 mm - Panel 89,66 mm - Peso 240 grs
• Boca corona de 26 mm
• Color ambar
• Fabricación Nacional
Este procucto se entrega en cajas de 30 unidades.
Opcional cajas para distribucion de producto final, tambien podemos imprimir tu diseño.
Tapas corona disponibles.",out of stock,new,400.20 ARS,http://localhost:3000/producto/botella-r-355-ml,https://cdn.sanity.io/images/4sov2yyo/production/a644815727bdbdf78730d15c7bf585c1e53d61b7-1000x1000.jpg,,DC Inc,B355,,
B500,Botella R - 500 ml,"Envase de vidrio nuevo
Capacidad 500 ml
Altura 220 mm - Base 74 mm - Panel 70 mm - Peso 260 grs
Boca corona de 26 mm
Color ambar
Fabricación Nacional
Este procucto se entrega en cajas de 45 unidades.
Opcional cajas para distribucion de producto final, tambien podemos imprimir tu diseño.
Tapas corona disponibles.",in stock,new,529.86 ARS,http://localhost:3000/producto/botella-r-500-ml,https://cdn.sanity.io/images/4sov2yyo/production/109c88b604977edc90e418dd328a9232acfbffff-1000x1000.jpg,,DC Inc,B500,,
B600,Botella R - 600 ml,22f60f_034ae89373794c2689fe430b893f1476~mv2.jpg;22f60f_b48a75b4bd32444b8d8b281818198906~mv2.png,in stock,new,567.86 ARS,http://localhost:3000/producto/botella-r-600-ml,https://cdn.sanity.io/images/4sov2yyo/production/99f3dd3b2c0ba7772485ec7afd92d2843c760fe9-1000x1000.jpg,,DC Inc,B600,,
B660,Botella R - 660 ml,"• Envase de vidrio nuevo
• Capacidad 660 ml
• Altura 285 mm - Base 70.0 mm - Panel 130 mm - Peso 400 grs
• Boca corona de 26 mm
• Color ambar
• Fabricación Nacional
Este producto se entrega en cajas genericas de 45 unidades cada una.
Opcional cajas para distribucion de producto final, tambien podemos imprimir tu diseño.
Tapas corona disponibles.",in stock,new,844.02 ARS,http://localhost:3000/producto/botella-r-660-ml,https://cdn.sanity.io/images/4sov2yyo/production/67f0271299a71d67a264b02b5bbdc2974ac98d25-1000x1000.jpg,,DC Inc,B660,,
B250AGPAM,Botella R Agropecuario Ambar - 250 ml,"• Envase de vidrio nuevo para destilados.
• Capacidad 250 ml
• Altura 156,2 mm - Base 58,5 mm - Panel 90,5 mm - Peso 187 grs
• Color Ambar
• Fabricación Nacional
Este producto se entrega fraccionado en cajas genericas. También en pallet: 100 x 120 x 120 cm.
Opcional cajas para distribucion de producto final, tambien podemos imprimir tu diseño.",in stock,new,871.04 ARS,http://localhost:3000/producto/botella-r-agropecuario-ambar-250-ml,https://cdn.sanity.io/images/4sov2yyo/production/3e169a06295201257441a92e5dfb8c4cc3146238-1000x1000.jpg,,DC Inc,B250AGPAM,,
B500AGPAM,Botella R Agropecuario Ambar - 500 ml,"• Envase de vidrio nuevo para destilados.
• Capacidad 500 ml
• Altura 193,2 mm - Base 75,5 mm - Panel 113,5 mm - Peso 575 grs
• Color Ambar
• Fabricación Nacional
Este producto se entrega fraccionado en cajas genericas. También en pallet: 100 x 120 x 133 cm.
Opcional cajas para distribucion de producto final, tambien podemos imprimir tu diseño.",in stock,new,1155.67 ARS,http://localhost:3000/producto/botella-r-agropecuario-ambar-500-ml,https://cdn.sanity.io/images/4sov2yyo/production/a8ec1367a9771f144fa7a6e04dec98c6eab321a2-1000x1000.jpg,,DC Inc,B500AGPAM,,
B500AGPF,Botella R Agropecuario Flint - 500 ml,"• Envase de vidrio nuevo para destilados.
• Capacidad 500 ml
• Altura 193,2 mm - Base 75,5 mm - Panel 113,5 mm - Peso 575 grs
• Color Flint
• Fabricación Nacional
Este producto se entrega fraccionado en cajas genericas. También en pallet: 100 x 120 x 133 cm.
Opcional cajas para distribucion de producto final, tambien podemos imprimir tu diseño.",in stock,new,1466.58 ARS,http://localhost:3000/producto/botella-r-agropecuario-flint-500-ml,https://cdn.sanity.io/images/4sov2yyo/production/8853634c2d4788a4fcb67d12635d8c37e0f42b38-1000x1000.jpg,,DC Inc,B500AGPF,,
BB750F,Botella R Barrica - 750 ml,"• Envase de vidrio nuevo para bebidas espirituosas.
• Capacidad 750 ml
• Altura 220±1,6 mm - Base 92,5±1,6 mm - Peso 608 grs
• Boca interna 21,5±0,5mm.
• Tapon tipo ""T"" ideal 34 X 12 / Ø 22,5.
• Color transparente/flint.
• Fabricación Nacional
Este producto se entrega fraccionado en cajas genericas. También en pallet: 100 x 120 x 160 cm.
Opcional cajas para distribucion de producto final, tambien podemos imprimir tu diseño.",in stock,new,2113.29 ARS,http://localhost:3000/producto/botella-r-barrica-750-ml,https://cdn.sanity.io/images/4sov2yyo/production/9bf559f331ed4f8d448fb579350c9288657bed8f-1000x1000.jpg,,DC Inc,BB750F,,
BBS750FS,Botella Spirit - 750 ml,"• Envase de vidrio nuevo para bebidas espirituosas.
• Capacidad 750 ml
• Altura 230±1,6 mm - Peso 700 grs
• Boca interna 22,5±0,5mm.
• Tapon tipo ""T"".
• Color transparente/flint.
• Fabricación Importada
Este producto se entrega fraccionado en cajas genericas. También en pallet: 100 x 120 x 227 cm.
Opcional cajas para distribucion de producto final, tambien podemos imprimir tu diseño.",in stock,new,2242.33 ARS,http://localhost:3000/producto/botella-spirit-750-ml,https://cdn.sanity.io/images/4sov2yyo/production/6a1dae1c4380e7610544131587920675b792c876-1000x1000.jpg,,DC Inc,BBS750FS,,
BBS375FT,Botella Tokio - 375 ml,"Botella Tokio 375
• Envase para bebidas espirituosas - destilados
• Vidrio Super Flint (transparente)
• Capacidad 375 ml
• Altura 176±1,6 mm
• Peso 420 grs
• Boca interna 22,5±0,5mm.
• Fabricación Industrial
• Origen China
• Adicionales disponibles: • Tapón sintético tipo ""T""
• Serigrafia - Decorado
• Precinto de seguridad termocontraible
• Caja para distribución
• Estuche Regalo
• Cristaleria decorada.
• Presentaciones opcionales:
• Cajas genérica de 30 unidades
• Pallet de 1080 unidades (medida 1,2 x 1,0 x 1,00 m)
• Pallet a medida (consultar recargo)",in stock,new,2831.77 ARS,http://localhost:3000/producto/botella-tokio-375-ml,https://cdn.sanity.io/images/4sov2yyo/production/05207aec19612cf2392079d9cdcd8a7090ad635c-1000x1000.jpg,,DC Inc,BBS375FT,,
BBS500FT,Botella Tokio - 500 ml,"Botella Tokio 500
• Envase para bebidas espirituosas - destilados
• Vidrio Super Flint (transparente)
• Capacidad 500 ml
• Altura 196,3 mm
• Peso 580 grs
• Boca interna 18,5±0,5mm.
• Fabricación Industrial
• Origen China
• Adicionales disponibles: • Tapón sintético tipo ""T""
• Serigrafia - Decorado
• Precinto de seguridad termocontraible
• Caja para distribución
• Estuche Regalo
• Cristaleria decorada.
• Presentaciones opcionales:
• Cajas genérica de 30 unidades
• Pallet de 2016 unidades (medida 1,2 x 1,0 x 1,40 m)
• Pallet a medida (consultar recargo)",in stock,new,2772.82 ARS,http://localhost:3000/producto/botella-tokio-500-ml,https://cdn.sanity.io/images/4sov2yyo/production/8e78a8c8d0524bb100ec8f90148e6fa31cc0a9b1-1000x1000.jpg,,DC Inc,BBS500FT,,
BBS700FY,Botella Yantai - 700 ml,"Botella Yantai 700
• Envase para bebidas espirituosas - destilados
• Vidrio Super Flint (transparente)
• Capacidad 700 ml
• Altura 173,5 mm
• Peso 529 grs
• Boca interna 22±0,5mm.
• Fabricación Industrial
• Origen China
• Adicionales disponibles: • Tapón sintético tipo ""T""
• Serigrafia - Decorado
• Precinto de seguridad termocontraible
• Caja para distribución
• Estuche Regalo
• Cristaleria decorada.
• Presentaciones opcionales:
• Cajas genérica de 30 unidades
• Pallet de 1560 unidades (medida 1,2 x 1,0 x 1,10 m)
• Pallet a medida (consultar recargo)",out of stock,new,3502.26 ARS,http://localhost:3000/producto/botella-yantai-700-ml,https://cdn.sanity.io/images/4sov2yyo/production/8e7b92d80d3ed7758b71a617ccf7bd52693ab3d2-1000x1000.png,,DC Inc,BBS700FY,,
BBS1000A,Botellon Importado Growler - 1000 ml,— Botellon Importado Growler - 1000 ml,out of stock,new,3143.68 ARS,http://localhost:3000/producto/botellon-importado-growler-1000-ml,https://cdn.sanity.io/images/4sov2yyo/production/42af645952742030526b8715b541d229440c5455-1000x1000.jpg,,DC Inc,BBS1000A,,
BBS1900A,Botellon Importado Growler - 1900 ml,— Botellon Importado Growler - 1900 ml,in stock,new,5643.89 ARS,http://localhost:3000/producto/botellon-importado-growler-1900-ml,https://cdn.sanity.io/images/4sov2yyo/production/6976cdeb54afac83d015e3ad10d7f2600559dec1-1000x1000.jpg,,DC Inc,BBS1900A,,
JAM1000,Botellon R Ambar - 1000 ml,"• Botellon de vidrio nuevo
• Capacidad 1000 ml
• Boca axial de 37 mm
• Color ambar con manija
• Origen Importado
Este producto se entrega en cajas genericas de 6 unidades cada una de 9 unidades.",in stock,new,1626.27 ARS,http://localhost:3000/producto/botellon-r-ambar-1000-ml,https://cdn.sanity.io/images/4sov2yyo/production/b64828be76a49329dbb516b3ce0a9a655056ffc7-1000x1000.jpg,,DC Inc,JAM1000,,
JAM500,Botellon R Ambar - 500 ml,"• Botella/Botellon tipo jarabe de vidrio nuevo
• Capacidad 500 ml
• Altura 169 mm - Base 77,6 mm - Panel 92,2 mm - Peso 235 grs
• Boca axial de 28 mm baja
• Color ambar o flint
• Origen Nacional
Este producto se entrega en cajas genericas.",in stock,new,957.53 ARS,http://localhost:3000/producto/botellon-r-ambar-500-ml,https://cdn.sanity.io/images/4sov2yyo/production/dc57282dd832ceeb88fd22e32dec24e766b04271-1000x1000.jpg,,DC Inc,JAM500,,
JBL1000,Botellon R Flint - 1000 ml,"• Botella/Botellon tipo jaraba de vidrio nuevo
• Capacidad 1000 ml
• Altura 222 mm - Base 99 mm - Panel 117 mm - Peso 565 grs
• Boca axial de 28 mm
• Color flint (transparente)
• Origen Nacional
Este producto se entrega en cajas genericas de 15 unidades cada una.",in stock,new,2214.22 ARS,http://localhost:3000/producto/botellon-r-flint-1000-ml,https://cdn.sanity.io/images/4sov2yyo/production/f8263311bb7e0a294b601d5c49b41bff3c7f71ef-1000x1000.jpg,,DC Inc,JBL1000,,
JBL500,Botellon R Flint - 500 ml,"• Botella/Botellon tipo jarabe de vidrio nuevo
• Capacidad 500 ml
• Altura 169 mm - Base 77,6 mm - Panel 92,2 mm - Peso 235 grs
• Boca axial de 28 mm baja
• Color ambar o flint
• Origen Nacional
Este producto se entrega en cajas genericas.",out of stock,new,1155.67 ARS,http://localhost:3000/producto/botellon-r-flint-500-ml,https://cdn.sanity.io/images/4sov2yyo/production/baae5cb5048485dd4afbf79c601f10bde0cdc7c9-1000x1000.jpg,,DC Inc,JBL500,,
GR1950R,Botellon R Growler - 1950 ml,"• Botellon de vidrio nuevo
• Capacidad 1950 ml
• Altura 278 mm - Base 123 mm - Panel 130 mm - Peso 1100 grs
• Boca axial de 37 mm
• Color ambar con manija
• Origen Nacional
Este producto se entrega en cajas genericas de 6 unidades cada una.
Opcion, cajas para envases de cerveza artesanal por 12 unidades.",in stock,new,2954.29 ARS,http://localhost:3000/producto/botellon-r-growler-1950-ml,https://cdn.sanity.io/images/4sov2yyo/production/6976cdeb54afac83d015e3ad10d7f2600559dec1-1000x1000.jpg,,DC Inc,GR1950R,,
C70B500X12,Caja 12 Botellas 500 ml,"• Cajas de carton corrugado de 70 libras
• Para 12 botellas de 500 ml
• Precio especial si la compras con envases
• A partir de 600 unidades la impresión es gratis, podes agregar la info que quieras. Tenes un costo unico que es para los clise de impresión que duran para futuras impresiones.",in stock,new,840.72 ARS,http://localhost:3000/producto/caja-12-botellas-500-ml,https://cdn.sanity.io/images/4sov2yyo/production/aa9fe9f124c9490a0d2907c6ee1288c84b920e64-1000x1000.jpg,,DC Inc,C70B500X12,,
C70B500X12CA1,Caja 12 Botellas 500 ml - Cerveza Artesanal,"• Cajas de carton corrugado de 70 libras
• Para 12 botellas de 500 ml
• Precio especial si la compras con envases
• A partir de 600 unidades la impresión es gratis, podes agregar la info que quieras. Tenes un costo unico que es para los clise de impresión que duran para futuras impresiones.",out of stock,new,840.72 ARS,http://localhost:3000/producto/caja-12-botellas-500-ml-cerveza-artesanal,https://cdn.sanity.io/images/4sov2yyo/production/aa9fe9f124c9490a0d2907c6ee1288c84b920e64-1000x1000.jpg,,DC Inc,C70B500X12CA1,,
C70LCHX12,Caja 12 latas 354 ml,"• Cajas de carton corrugado de 70 libras
• Para 12 latas de 354 ml
• Precio especial si la compras con envases
• A partir de 500 unidades la impresión es gratis, podes agregar la info que quieras. Tenes un costo unico que es para los clise de impresión que duran para futuras impresiones.",in stock,new,645.20 ARS,http://localhost:3000/producto/caja-12-latas-354-ml,https://cdn.sanity.io/images/4sov2yyo/production/cc834f24b858d5f80549a89e4ddf52faf5fbc95b-1000x1000.jpg,,DC Inc,C70LCHX12,,
C70LGX12,Caja 12 latas 473 ml,"• Cajas de carton corrugado de 70 libras
• Para 12 latas de 354 o 473 ml
• Precio especial si la compras con envases
• A partir de 500 unidades la impresión es gratis, podes agregar la info que quieras. Tenes un costo unico que es para los clise de impresión que duran para futuras impresiones.",in stock,new,685.76 ARS,http://localhost:3000/producto/caja-12-latas-473-ml,https://cdn.sanity.io/images/4sov2yyo/production/cc834f24b858d5f80549a89e4ddf52faf5fbc95b-1000x1000.jpg,,DC Inc,C70LGX12,,
C70LGX12CF1,Caja 12 latas 473 ml - Cerv Indep,"• Cajas de carton corrugado de 70 libras
• Para 12 latas de 354 o 473 ml
• Precio especial si la compras con envases
• A partir de 500 unidades la impresión es gratis, podes agregar la info que quieras. Tenes un costo unico que es para los clise de impresión que duran para futuras impresiones.",in stock,new,685.76 ARS,http://localhost:3000/producto/caja-12-latas-473-ml-cerv-indep,https://cdn.sanity.io/images/4sov2yyo/production/cc834f24b858d5f80549a89e4ddf52faf5fbc95b-1000x1000.jpg,,DC Inc,C70LGX12CF1,,
C70LGX24,Caja 24 latas 473 ml,"• Cajas de carton corrugado de 70 libras
• Para 24 latas de 354 o 473 ml
• Precio especial si la compras con envases
• A partir de 500 unidades la impresión es gratis, podes agregar la info que quieras. Tenes un costo unico que es para los clise de impresión que duran para futuras impresiones.",in stock,new,952.96 ARS,http://localhost:3000/producto/caja-24-latas-473-ml,https://cdn.sanity.io/images/4sov2yyo/production/3297e17913a97bea6b0c21cb2353b3f66ef39cf3-1000x1000.jpg,,DC Inc,C70LGX24,,
C70LGX24CF1,Caja 24 latas 473 ml - Cerv Indep,"• Cajas de carton corrugado de 70 libras
• Para 24 latas de 354 o 473 ml
• Precio especial si la compras con envases
• A partir de 500 unidades la impresión es gratis, podes agregar la info que quieras. Tenes un costo unico que es para los clise de impresión que duran para futuras impresiones.",in stock,new,952.96 ARS,http://localhost:3000/producto/caja-24-latas-473-ml-cerv-indep,https://cdn.sanity.io/images/4sov2yyo/production/3297e17913a97bea6b0c21cb2353b3f66ef39cf3-1000x1000.jpg,,DC Inc,C70LGX24CF1,,
C110LGX24CF1,Caja 24 latas 473 ml - Cerv Indep - Reforzada,"• Cajas de carton corrugado de 70 libras
• Para 24 latas de 354 o 473 ml
• Precio especial si la compras con envases
• A partir de 500 unidades la impresión es gratis, podes agregar la info que quieras. Tenes un costo unico que es para los clise de impresión que duran para futuras impresiones.",in stock,new,1081.92 ARS,http://localhost:3000/producto/caja-24-latas-473-ml-cerv-indep-reforzada,https://cdn.sanity.io/images/4sov2yyo/production/cc834f24b858d5f80549a89e4ddf52faf5fbc95b-1000x1000.jpg,,DC Inc,C110LGX24CF1,,
C110LGX24,Caja 24 latas 473 ml - Reforzada,"• Cajas de carton corrugado de 110 libras
• Para 24 latas de 354 o 473 ml
• Precio especial si la compras con envases
• A partir de 500 unidades la impresión es gratis, podes agregar la info que quieras. Tenes un costo unico que es para los clise de impresión que duran para futuras impresiones.",in stock,new,1081.92 ARS,http://localhost:3000/producto/caja-24-latas-473-ml-reforzada,https://cdn.sanity.io/images/4sov2yyo/production/3297e17913a97bea6b0c21cb2353b3f66ef39cf3-1000x1000.jpg,,DC Inc,C110LGX24,,
C70B1000X6,Caja 6 Botellas 1000 ml,"• Cajas de carton corrugado de 70 libras
• Para 6 botellas de 1000 ml
• Precio especial si la compras con envases
• A partir de 600 unidades la impresión es gratis, podes agregar la info que quieras. Tenes un costo unico que es para los clise de impresión que duran para futuras impresiones.",in stock,new,787.68 ARS,http://localhost:3000/producto/caja-6-botellas-1000-ml,https://cdn.sanity.io/images/4sov2yyo/production/aa9fe9f124c9490a0d2907c6ee1288c84b920e64-1000x1000.jpg,,DC Inc,C70B1000X6,,
C70B500X6,Caja 6 Botellas 500 ml,"• Cajas de carton corrugado de 70 libras
• Para 6 botellas de 500 ml
• Precio especial si la compras con envases
• A partir de 600 unidades la impresión es gratis, podes agregar la info que quieras. Tenes un costo unico que es para los clise de impresión que duran para futuras impresiones.",in stock,new,631.68 ARS,http://localhost:3000/producto/caja-6-botellas-500-ml,https://cdn.sanity.io/images/4sov2yyo/production/aa9fe9f124c9490a0d2907c6ee1288c84b920e64-1000x1000.jpg,,DC Inc,C70B500X6,,
C70B660X6,Caja 6 Botellas 660 ml,"• Cajas de carton corrugado de 70 libras
• Para 6 botellas de 660 ml
• Precio especial si la compras con envases
• A partir de 600 unidades la impresión es gratis, podes agregar la info que quieras. Tenes un costo unico que es para los clise de impresión que duran para futuras impresiones.",in stock,new,683.68 ARS,http://localhost:3000/producto/caja-6-botellas-660-ml,https://cdn.sanity.io/images/4sov2yyo/production/aa9fe9f124c9490a0d2907c6ee1288c84b920e64-1000x1000.jpg,,DC Inc,C70B660X6,,
C70BBX6,Caja 6 Botellas 750 ml Barrica,"• Cajas de carton corrugado de 70 libras
• Para 6 botellas modelo Barrica de 750 ml
• Precio especial si la compras con envases
• A partir de 1000 unidades la impresión es gratis, podes agregar la info que quieras. Tenes un costo unico que es para los clise de impresión que duran para futuras impresiones.",in stock,new,757.52 ARS,http://localhost:3000/producto/caja-6-botellas-750-ml-barrica,https://cdn.sanity.io/images/4sov2yyo/production/d6dd5b647ac4fb35fd37f6ac5084f258b0b2c4d3-1000x1000.jpg,,DC Inc,C70BBX6,,
C70BITGX6,Caja 6 Botellas 750 ml Bit,"• Cajas de carton corrugado de 70 libras
• Para 6 botellas de 750 ml
• Precio especial si la compras con envases
• A partir de 1000 unidades la impresión es gratis, podes agregar la info que quieras. Tenes un costo unico que es para los clise de impresión que duran para futuras impresiones.",in stock,new,725.28 ARS,http://localhost:3000/producto/caja-6-botellas-750-ml-bit,https://cdn.sanity.io/images/4sov2yyo/production/d6dd5b647ac4fb35fd37f6ac5084f258b0b2c4d3-1000x1000.jpg,,DC Inc,C70BITGX6,,
C70BGX6,Caja 6 Botellas 750 ml Guarda,"• Cajas de carton corrugado de 70 libras
• Para 6 botellas tipo espumante de 750 ml
• Precio especial si la compras con envases
• A partir de 1000 unidades la impresión es gratis, podes agregar la info que quieras. Tenes un costo unico que es para los clise de impresión que duran para futuras impresiones.",in stock,new,766.88 ARS,http://localhost:3000/producto/caja-6-botellas-750-ml-guarda,https://cdn.sanity.io/images/4sov2yyo/production/d6dd5b647ac4fb35fd37f6ac5084f258b0b2c4d3-1000x1000.jpg,,DC Inc,C70BGX6,,
C70BAX6,Caja 6 Botellas Agropecuario 500 ml,"• Cajas de carton corrugado de 70 libras
• Para 6 botellas Agropecuario de 500 ml
• Precio especial si la compras con envases
• A partir de 600 unidades la impresión es gratis, podes agregar la info que quieras. Tenes un costo unico que es para los clise de impresión que duran para futuras impresiones.",in stock,new,621.28 ARS,http://localhost:3000/producto/caja-6-botellas-agropecuario-500-ml,https://cdn.sanity.io/images/4sov2yyo/production/d6dd5b647ac4fb35fd37f6ac5084f258b0b2c4d3-1000x1000.jpg,,DC Inc,C70BAX6,,
C70LGX6,Caja 6 latas 473 ml,"• Cajas de carton corrugado de 70 libras
• Para 6 latas de 354 o 473 ml
• Precio especial si la compras con envases
• A partir de 500 unidades la impresión es gratis, podes agregar la info que quieras. Tenes un costo unico que es para los clise de impresión que duran para futuras impresiones.",in stock,new,538.08 ARS,http://localhost:3000/producto/caja-6-latas-473-ml,https://cdn.sanity.io/images/4sov2yyo/production/6c38f630d6217d789a990598dad7b1c363cf1af0-1000x1000.jpg,,DC Inc,C70LGX6,,
CMC3-1,Caja Regalo para 3 latas + 1 pinta,"• Cajas de carton microcorrugado + carton
• Sin Impresión, espacios disponibles para personalizar de manera manual, serigrafia o vinilo de corte.
• Para 3 latas de 354 o 473 ml mas 1 vaso o copa (altura máxima 19 cm, consultar por modelos posibles)
• Contenido: caja + 2 bases desplegadas
• A partir de 3000 unidades la impresión es gratis, podes agregar la info que quieras. Tenes un costo unico que es para las películas de impresión que duran para futuras impresiones.",in stock,new,838.53 ARS,http://localhost:3000/producto/caja-regalo-para-3-latas-1-pinta,https://cdn.sanity.io/images/4sov2yyo/production/a1a935eceaed5803132447420ce7e88780e436b4-1000x1000.png,,DC Inc,CMC3-1,,
NACB0340,Chop Bristol 340 ml,"Capacidad 340 ml
Caja de 340 ml: 12 unidades
Opcional servicio de impresion",in stock,new,4836.76 ARS,http://localhost:3000/producto/chop-bristol-340-ml,https://cdn.sanity.io/images/4sov2yyo/production/632fd0f06b52a0c22186e76bef2d8cbb620773f1-1280x1280.jpg,,DC Inc,NACB0340,,
DXCC0500,Chop Cordoba 500 ml,"Capacidad 500 ml
Caja de 500 ml: 24 unidades
Opcional servicio de impresion",in stock,new,2123.11 ARS,http://localhost:3000/producto/chop-cordoba-500-ml,https://cdn.sanity.io/images/4sov2yyo/production/e167b2005df71c3a0d7641b86b0551669f64fa31-1280x1280.jpg,,DC Inc,DXCC0500,,
MMCE0380,Chop Escudo 380 ml,"Capacidad 380 ml
Caja de 380 ml: 36 unidades
Opcional servicio de impresion",out of stock,new,1754.50 ARS,http://localhost:3000/producto/chop-escudo-380-ml,https://cdn.sanity.io/images/4sov2yyo/production/13b6eb731686218444d8f66d66e6eb9282784faf-1280x1280.png,,DC Inc,MMCE0380,,
MMCP0400,Chop Praga 400 ml,"Capacidad 400 ml
Caja de 400 ml: 36 unidades
Opcional servicio de impresion",in stock,new,1754.50 ARS,http://localhost:3000/producto/chop-praga-400-ml,https://cdn.sanity.io/images/4sov2yyo/production/dcaadd2ebcf0218c29bbacc60fd51f0c28ff72cf-1280x1280.png,,DC Inc,MMCP0400,,
COCH1000,Chopp Burbuja 1000 ml,"Capacidad 1200 ml
Caja de 10 unidades
Opcional servicio de impresion",out of stock,new,7952.84 ARS,http://localhost:3000/producto/chopp-burbuja-1000-ml,https://cdn.sanity.io/images/4sov2yyo/production/c03a2a629114c0f0808da1c1b1014a2ee45b4ab3-1280x1280.png,,DC Inc,COCH1000,,
ROCH400,Chopp Conico 400 ml,"Capacidad 400 ml
Caja de 36 unidades
Opcional servicio de impresion",in stock,new,3617.93 ARS,http://localhost:3000/producto/chopp-conico-400-ml,https://cdn.sanity.io/images/4sov2yyo/production/bbf1ad911c434fed6a215caae575ce59719de0c0-1280x1280.jpg,,DC Inc,ROCH400,,
CLCH0450,Chopp Libertad 450 ml,"Capacidad 450 ml
Caja de 12 unidades
Opcional servicio de impresion",in stock,new,4519.59 ARS,http://localhost:3000/producto/chopp-libertad-450-ml,https://cdn.sanity.io/images/4sov2yyo/production/b4762430793743639002a585cb55fe30d649b235-1280x1280.png,,DC Inc,CLCH0450,,
NAOKT0355,Chopp Oktober 355 ml,"Capacidad 355 ml
Caja de 12 unidades
Opcional servicio de impresion",out of stock,new,17752.90 ARS,http://localhost:3000/producto/chopp-oktober-355-ml,https://cdn.sanity.io/images/4sov2yyo/production/7f9953f041495f78f029f1c0125e963cf0b3c9a2-16001x16000.png,,DC Inc,NAOKT0355,,
ROCH410,Chopp Recto 400 ml,"Capacidad 500 ml
Caja de 36 unidades
Opcional servicio de impresion",in stock,new,3592.36 ARS,http://localhost:3000/producto/chopp-recto-400-ml,https://cdn.sanity.io/images/4sov2yyo/production/1982893cc221779317b4bcfc90a329687175ef78-1280x1280.jpg,,DC Inc,ROCH410,,
ROCH500,Chopp Recto 500 ml,"Capacidad 500 ml
Caja de 36 unidades
Opcional servicio de impresion",in stock,new,3929.18 ARS,http://localhost:3000/producto/chopp-recto-500-ml,https://cdn.sanity.io/images/4sov2yyo/production/b51dd9dc719368d485c11b0d7480734e644bce70-1280x1280.jpg,,DC Inc,ROCH500,,
NACT0100,Chupito Tequila 100 ml,"Chupito tequila.
Capacidad 100 ml.
Caja de 24 unidades.
Opcional servicio de impresion.",in stock,new,1162.67 ARS,http://localhost:3000/producto/chupito-tequila-100-ml,https://cdn.sanity.io/images/4sov2yyo/production/fe9c1e51fe2f086fee854cfb5757cf6fc012efb8-1280x1280.png,,DC Inc,NACT0100,,
NACT0060,Chupito Tequila 60 ml,"Chupito tequila.
Capacidad 60 ml.
Caja de 24 unidades.
Opcional servicio de impresion.",in stock,new,918.94 ARS,http://localhost:3000/producto/chupito-tequila-60-ml,https://cdn.sanity.io/images/4sov2yyo/production/fe9c1e51fe2f086fee854cfb5757cf6fc012efb8-1280x1280.png,,DC Inc,NACT0060,,
RICT0060,Chupito Tijuana 60 ml,"Chupito tequila.
Capacidad 60 ml.
Caja de 36 unidades.
Opcional servicio de impresion.",in stock,new,636.40 ARS,http://localhost:3000/producto/chupito-tijuana-60-ml,https://cdn.sanity.io/images/4sov2yyo/production/533f4df12f9967811ec4291b70921c3ef81980a3-1280x1280.png,,DC Inc,RICT0060,,
NAAB0090,Copa Alambic 90 ml,"Capacidad 90 ml
Caja de 90 ml: 12 unidades
Opcional servicio de impresion",in stock,new,2386.26 ARS,http://localhost:3000/producto/copa-alambic-90-ml,https://cdn.sanity.io/images/4sov2yyo/production/bf06319a142fdbd84f0ec492a2a558979a453d2e-1280x1280.jpg,,DC Inc,NAAB0090,,
CRAV0386,Copa Avispero 386 ml,"- Capacidad 386 ml
- Caja de 24 unidades
- Opcional servicio de impresion
- Producto Importado",in stock,new,2441.70 ARS,http://localhost:3000/producto/copa-avispero-386-ml,https://cdn.sanity.io/images/4sov2yyo/production/dd02b7370bdb60f5b05fea52b590c439d4319b2b-1280x1280.jpg,,DC Inc,CRAV0386,,
CRAV0615,Copa Avispero 615 ml,"- Capacidad 615 ml
- Caja de 24 unidades
- Opcional servicio de impresion
- Producto Importado",in stock,new,3358.19 ARS,http://localhost:3000/producto/copa-avispero-615-ml,https://cdn.sanity.io/images/4sov2yyo/production/1c61e985e1f5e8095548cea0ff73227e04154e7d-1280x1280.jpg,,DC Inc,CRAV0615,,
NABA0490,Copa Barone 490 ml,"Capacidad 490 ml
>Caja de 490 ml: 12 unidades
Opcional servicio de impresion",out of stock,new,2386.26 ARS,http://localhost:3000/producto/copa-barone-490-ml,https://cdn.sanity.io/images/4sov2yyo/production/1e003795559aea72279f3482613fcba0f946b079-1280x1280.jpg,,DC Inc,NABA0490,,
NABR0600,Copa Barone 600 ml,"Capacidad 600 ml
Caja de 600 ml: 6 unidades
Opcional servicio de impresion",in stock,new,3122.41 ARS,http://localhost:3000/producto/copa-barone-600-ml,https://cdn.sanity.io/images/4sov2yyo/production/cb43e4e667415c4c67e004dd5e29f346105257ff-1280x1280.png,,DC Inc,NABR0600,,
NABA0385,Copa Barone Degustacion 385 ml,"- Capacidad 385 ml
- Caja de 12 unidades
- Opcional servicio de impresion
- Producto Importado",in stock,new,1859.28 ARS,http://localhost:3000/producto/copa-barone-degustacion-385-ml,https://cdn.sanity.io/images/4sov2yyo/production/644f1967c8e5c279ae11831df43edb5b92c05e09-16001x16000.png,,DC Inc,NABA0385,,
PRGB0580,Copa Beefeater 580 ml,"Capacidad 580 ml
Caja de 12 unidades
Opcional servicio de impresion",in stock,new,6916.39 ARS,http://localhost:3000/producto/copa-beefeater-580-ml,https://cdn.sanity.io/images/4sov2yyo/production/fe570bf9b462ac3c8d9f40a19210eb845c4b63bf-1280x1280.png,,DC Inc,PRGB0580,,
LBB0384,Copa Belga 13 Oz,"Capacidad 384 ml
Caja de 384 ml: 12 unidades
Opcional servicio de impresion",in stock,new,7049.38 ARS,http://localhost:3000/producto/copa-belga-13-oz,https://cdn.sanity.io/images/4sov2yyo/production/2968b4ae5210d8ac4fdd30b6473b381ce6a36482-1280x1280.jpg,,DC Inc,LBB0384,,
LBB0473,Copa Belga 16 Oz,"Capacidad 473 ml
Caja de 473 ml: 12 unidades
Opcional servicio de impresion",in stock,new,7297.58 ARS,http://localhost:3000/producto/copa-belga-16-oz,https://cdn.sanity.io/images/4sov2yyo/production/207e39d3edcddeda14d4487e29a84ba514a52edd-1280x1280.jpg,,DC Inc,LBB0473,,
NABG0490,Copa Belga 490 ml,"Capacidad 490 ml
Caja de 490 ml: 12 unidades
Opcional servicio de impresion",in stock,new,2692.58 ARS,http://localhost:3000/producto/copa-belga-490-ml,https://cdn.sanity.io/images/4sov2yyo/production/eb8c6452d950a7bf27f7f3b7e6fccf3475044445-1280x1280.jpg,,DC Inc,NABG0490,,
PRBN0410,Copa Belgica Nacional 410 ml,"Capacidad 410 ml
Caja de 410 ml: 12 unidades
Opcional servicio de impresion",out of stock,new,5739.13 ARS,http://localhost:3000/producto/copa-belgica-nacional-410-ml,https://cdn.sanity.io/images/4sov2yyo/production/31eef0cbfd5d4a84af5bfad42a02598d50efa3bf-1280x1280.jpg,,DC Inc,PRBN0410,,
CRBO0500,Copa Bolonia 500 ml,"Capacidad 500 ml
Caja de 490 ml: 24 unidades
Opcional servicio de impresion",in stock,new,3678.15 ARS,http://localhost:3000/producto/copa-bolonia-500-ml,https://cdn.sanity.io/images/4sov2yyo/production/38c63bdfe15fda0981fc77a1d107765030e58915-1280x1280.png,,DC Inc,CRBO0500,,
ROBR465,Copa Br 465 ml,"Capacidad 465 ml
Caja de 48 unidades
Opcional servicio de impresion",in stock,new,2288.61 ARS,http://localhost:3000/producto/copa-br-465-ml,https://cdn.sanity.io/images/4sov2yyo/production/a792648e7206356f8a3c6aac5adbf6723b89c815-1280x1280.jpg,,DC Inc,ROBR465,,
NABR0390,Copa Brunello 390 ml,"Capacidad 390 ml
Caja de 390 ml: 12 unidades
Opcional servicio de impresion",in stock,new,2448.84 ARS,http://localhost:3000/producto/copa-brunello-390-ml,https://cdn.sanity.io/images/4sov2yyo/production/c16a8fe0e4ab88a392efe44ca89e6f8b77340a05-1280x1280.png,,DC Inc,NABR0390,,
NABL0400,Copa Brunello 400 ml,"Capacidad 400 ml
Caja de 400 ml: 12 unidades
Opcional servicio de impresion",in stock,new,2386.26 ARS,http://localhost:3000/producto/copa-brunello-400-ml,https://cdn.sanity.io/images/4sov2yyo/production/a78eefa785fec4c9efe9ba4869c7d96c364d8610-1280x1280.jpg,,DC Inc,NABL0400,,
CRBL0408,Copa Brunello 408 ml,"Capacidad 408 ml
Caja de 408 ml: 24 unidades
Opcional servicio de impresion",in stock,new,2669.47 ARS,http://localhost:3000/producto/copa-brunello-408-ml,https://cdn.sanity.io/images/4sov2yyo/production/fac8007c56c3f94e74c4c8037a6f87319ddd3983-1280x1280.png,,DC Inc,CRBL0408,,
NABL0490,Copa Brunello 490 ml,"Capacidad 490 ml
Caja de 490 ml: 12 unidades
Opcional servicio de impresion",in stock,new,2448.84 ARS,http://localhost:3000/producto/copa-brunello-490-ml,https://cdn.sanity.io/images/4sov2yyo/production/c16a8fe0e4ab88a392efe44ca89e6f8b77340a05-1280x1280.png,,DC Inc,NABL0490,,
CBCH0400,Copa Bruselas 400 ml,"Capacidad 400 ml
Caja de 400 ml: 24 unidades
Opcional servicio de impresion",in stock,new,3038.00 ARS,http://localhost:3000/producto/copa-bruselas-400-ml,https://cdn.sanity.io/images/4sov2yyo/production/49f5bbde041ff550628b0aa93342f22dac851644-1280x1280.jpg,,DC Inc,CBCH0400,,
SMB0300,Copa Buffet 300 ml,"- Capacidad 300 ml
- Caja de 12 unidades
- Opcional servicio de impresion
- Producto Nacional",in stock,new,2205.12 ARS,http://localhost:3000/producto/copa-buffet-300-ml,https://cdn.sanity.io/images/4sov2yyo/production/20550959e6def8005be4ddf475fdeabe44793b60-1280x1280.jpg,,DC Inc,SMB0300,,
CRCC0251,Copa Cata 251 ml,"Capacidad 251 ml
Caja de 36 unidades
Articulo importado",in stock,new,2774.20 ARS,http://localhost:3000/producto/copa-cata-251-ml,https://cdn.sanity.io/images/4sov2yyo/production/f1013fd89c9733226090960415f708bb0e5e19be-1280x1280.jpg,,DC Inc,CRCC0251,,
PRCN0215,Copa Cata Normalizada 215 ml,"Capacidad 215 ml
Caja de 30 unidades
Producto Nacional",in stock,new,5282.64 ARS,http://localhost:3000/producto/copa-cata-normalizada-215-ml,https://cdn.sanity.io/images/4sov2yyo/production/4598ad2ecc16a1340590e6845df0a47fbe2009b3-1280x1280.jpg,,DC Inc,PRCN0215,,
ARCN0215,Copa Cata Normalizada 215 ml,"Capacidad 210 o 215 ml
Caja de 6 unidades
Articulo importado",in stock,new,11151.04 ARS,http://localhost:3000/producto/copa-cata-normalizada-215-ml,https://cdn.sanity.io/images/4sov2yyo/production/4c4578fcb9e337e0f8902423ac5a2a3672824c44-1280x1280.png,,DC Inc,ARCN0215,,
ARC0500,Copa Cervoise 500 ml,"Capacidad 500 ml
Caja de 500 ml: 6 unidades
Opcional servicio de impresion",in stock,new,6775.36 ARS,http://localhost:3000/producto/copa-cervoise-500-ml,https://cdn.sanity.io/images/4sov2yyo/production/f81801dff058f2112f2a0e50e07abcc8e235ee1b-1280x1280.jpg,,DC Inc,ARC0500,,
NABR0200,Copa Champagne Brunello 200 ml,"- Capacidad 200 ml
- Caja de 12 unidades
- Opcional servicio de impresion
- Producto Importado",in stock,new,2386.26 ARS,http://localhost:3000/producto/copa-champagne-brunello-200-ml,https://cdn.sanity.io/images/4sov2yyo/production/61460758de4b161e888b1f940c9461a98a8f13cb-1280x1280.jpg,,DC Inc,NABR0200,,
SMCR0190,Copa Champagne Buffet 186 ml,"- Capacidad 186 ml
- Caja de 24 unidades
- Opcional servicio de impresion
- Producto Importado",out of stock,new,2205.12 ARS,http://localhost:3000/producto/copa-champagne-buffet-186-ml,https://cdn.sanity.io/images/4sov2yyo/production/30c6c8492d8d6461137591149080a09597bc3eb0-1280x1280.png,,DC Inc,SMCR0190,,
NAWC0210,Copa Champagne Windsor 190 ml,"- Capacidad 190 ml
- Caja de 12 unidades
- Opcional servicio de impresion
- Producto Importado",in stock,new,1592.49 ARS,http://localhost:3000/producto/copa-champagne-windsor-190-ml,https://cdn.sanity.io/images/4sov2yyo/production/6269077872099fbceac521d4f8cdd9fbe811425a-1280x1280.jpg,,DC Inc,NAWC0210,,
NACT0230,Copa Coctel 230 ml,"- Capacidad 230 ml
- Caja de 6 unidades
- Opcional servicio de impresion
- Producto Importado",in stock,new,3366.13 ARS,http://localhost:3000/producto/copa-coctel-230-ml,https://cdn.sanity.io/images/4sov2yyo/production/f7146631833b5ec55bfdd5ee827fe6747e2c0e92-1280x1280.png,,DC Inc,NACT0230,,
PRCC0450,Copa Cognac 450 ml,"- Capacidad 450 ml
- Caja de 12 unidades
- Opcional servicio de impresion
- Producto Nacional",in stock,new,5423.00 ARS,http://localhost:3000/producto/copa-cognac-450-ml,https://cdn.sanity.io/images/4sov2yyo/production/bfa2a55f244c03589d33b89f2871953d0852b095-1280x1280.png,,DC Inc,PRCC0450,,
NAD0550,Copa Denver 550 ml,"Capacidad 550 ml
Caja de 550 ml: 12 unidades
Opcional servicio de impresion",in stock,new,3306.85 ARS,http://localhost:3000/producto/copa-denver-550-ml,https://cdn.sanity.io/images/4sov2yyo/production/9df0f683d98bbaea8d5a23683852fa63f0899c55-1280x1280.png,,DC Inc,NAD0550,,
ROCD435,Copa Dg 435 ml,"Capacidad 435 ml
Caja de 48 unidades
Opcional servicio de impresion",out of stock,new,2080.54 ARS,http://localhost:3000/producto/copa-dg-435-ml,https://cdn.sanity.io/images/4sov2yyo/production/6d4e2953908d1f56ce76da656ffa7006557a4708-1280x1280.jpg,,DC Inc,ROCD435,,
LBD0500,Copa Diamond 500 ml,"Capacidad 500 ml
Caja de 400 ml: 12 unidades
Opcional servicio de impresion",in stock,new,5242.95 ARS,http://localhost:3000/producto/copa-diamond-500-ml,https://cdn.sanity.io/images/4sov2yyo/production/97965b443d258c9002c8793516432ecf907eb602-1280x1280.png,,DC Inc,LBD0500,,
NAD0410,Copa Dublin 410 ml,"Capacidad 410 ml
Caja de 410 ml: 12 unidades
Opcional servicio de impresion",in stock,new,2633.29 ARS,http://localhost:3000/producto/copa-dublin-410-ml,https://cdn.sanity.io/images/4sov2yyo/production/b0a7c55d86729b8acbb33fb12727e1b5fa20f0ba-1280x1280.jpg,,DC Inc,NAD0410,,
LBE0518,Copa Embassy 17.5 Oz,"Copa Embassy 17.5 Oz Libbey.
Capacidad 518 ml.
Caja de 24 unidades.
Opcional servicio de impresion.
Producto importado.",out of stock,new,7306.91 ARS,http://localhost:3000/producto/copa-embassy-17-5-oz,https://cdn.sanity.io/images/4sov2yyo/production/2ad4d1caa354ff34ca46213faa359879fb79062c-1280x1280.jpg,,DC Inc,LBE0518,,
LBEC0340,Copa Embassy Cognac 340 ml,"Capacidad 340 ml
Caja de 340 ml: 24 unidades
Opcional servicio de impresion",in stock,new,5944.62 ARS,http://localhost:3000/producto/copa-embassy-cognac-340-ml,https://cdn.sanity.io/images/4sov2yyo/production/2fa13ea5cb1c5f6a06948089c201921fd4b53496-1280x1280.jpg,,DC Inc,LBEC0340,,
CECH0395,Copa Eze 395 ml,"Capacidad 395 ml
Caja de 395 ml: 12 unidades
Opcional servicio de impresion",in stock,new,2511.01 ARS,http://localhost:3000/producto/copa-eze-395-ml,https://cdn.sanity.io/images/4sov2yyo/production/d89b2d678baefd2e32a335047cf46179f1ef690f-1280x1280.png,,DC Inc,CECH0395,,
CECH0600,Copa Eze 600 ml,"Capacidadb600 ml
Caja de 6000 ml: 12 unidades
Opcional servicio de impresion",in stock,new,3282.51 ARS,http://localhost:3000/producto/copa-eze-600-ml,https://cdn.sanity.io/images/4sov2yyo/production/cc456fb26a4fdc191cb631670158c9b862b39402-1280x1280.png,,DC Inc,CECH0600,,
NAFI0400,Copa Fiore 400 ml,"Capacidad 400 ml
Caja de 12 unidades
Opcional servicio de impresion",out of stock,new,2937.96 ARS,http://localhost:3000/producto/copa-fiore-400-ml,https://cdn.sanity.io/images/4sov2yyo/production/decdd7e408932bc55ec7a7e2a06215627fbb3adc-16001x16000.png,,DC Inc,NAFI0400,,
NAFI0515,Copa Fiore 515 ml,"Capacidad 515 ml
Caja de 6 unidades
Opcional servicio de impresion",out of stock,new,3489.65 ARS,http://localhost:3000/producto/copa-fiore-515-ml,https://cdn.sanity.io/images/4sov2yyo/production/f921a624b3c792b1d0f7d4e981cb7a1bc0e32fcc-16001x16000.png,,DC Inc,NAFI0515,,
BITFLINTPACKPIL1,Copa Florida 300 ml,"Capacidad 300 ml
Caja de 24 unidades
Opcional servicio de impresion",in stock,new,374149.33 ARS,http://localhost:3000/producto/copa-florida-300-ml,https://cdn.sanity.io/images/4sov2yyo/production/7a6f1be2926a3f6b999c9ec9d5e59c4e92c3df6b-1280x1280.png,,DC Inc,BITFLINTPACKPIL1,,
NAF0300,Copa Florida 300 ml,"Capacidad 300 ml
Caja de 300 ml: 24 unidades
Opcional servicio de impresion",in stock,new,1958.09 ARS,http://localhost:3000/producto/copa-florida-300-ml,https://cdn.sanity.io/images/4sov2yyo/production/7a6f1be2926a3f6b999c9ec9d5e59c4e92c3df6b-1280x1280.png,,DC Inc,NAF0300,,
NAFC0300,Copa Floripa 300 ml,"Capacidad 300 ml
Caja de 300 ml: 12 unidades
Opcional servicio de impresion",in stock,new,2877.03 ARS,http://localhost:3000/producto/copa-floripa-300-ml,https://cdn.sanity.io/images/4sov2yyo/production/e3aa1d58140e3d5baa6b0b2c728811f69bd84131-1280x1280.jpg,,DC Inc,NAFC0300,,
NAG0250,Copa Gallant 250 ml,"Capacidad 250 ml
Caja de 250 ml: 12 unidades
Opcional servicio de impresion",in stock,new,2142.54 ARS,http://localhost:3000/producto/copa-gallant-250-ml,https://cdn.sanity.io/images/4sov2yyo/production/f429f1532a0cbb3f8c0554d5af0f5ee6a545cccc-1280x1280.png,,DC Inc,NAG0250,,
NAG0320,Copa Gallant 320 ml,"Capacidad 320 ml
Caja de 12 unidades
Opcional servicio de impresion",in stock,new,2386.26 ARS,http://localhost:3000/producto/copa-gallant-320-ml,https://cdn.sanity.io/images/4sov2yyo/production/0fb5049a94033a94ba74103d47dc619aaad15f31-1280x1280.jpg,,DC Inc,NAG0320,,
NACBL0185,Copa Gallant Champagne 180 ml,"Copa Champagne Gallant.
Capacidad 180 ml.
Caja de 12 unidades.
Opcional servicio de impresion.
Producto importado.",out of stock,new,2386.26 ARS,http://localhost:3000/producto/copa-gallant-champagne-180-ml,https://cdn.sanity.io/images/4sov2yyo/production/1b772ad3214cc98d75fc08016ccc110d8a708909-1280x1280.png,,DC Inc,NACBL0185,,
NAG0600,Copa Gin 600 ml,"Capacidad 600 ml
Caja de 600 ml: 6 unidades
Opcional servicio de impresion",in stock,new,3244.27 ARS,http://localhost:3000/producto/copa-gin-600-ml,https://cdn.sanity.io/images/4sov2yyo/production/ad10a3cf7a5ce35480c6b8e720bc0ffc72375af8-1280x1280.jpg,,DC Inc,NAG0600,,
CRGP0620,Copa Gin Premier 620 ml,"Capacidad 620 ml
Caja de 600 ml: 24 unidades
Opcional servicio de impresion",in stock,new,4079.45 ARS,http://localhost:3000/producto/copa-gin-premier-620-ml,https://cdn.sanity.io/images/4sov2yyo/production/5d3da70316ebfbd142915867e81590a0714fceb7-1280x1280.png,,DC Inc,CRGP0620,,
NAGR0615,Copa Gin Royal 615 ml,"Capacidad 615 ml
Caja de 12 unidades
Opcional servicio de impresion
Producto importado",in stock,new,3428.71 ARS,http://localhost:3000/producto/copa-gin-royal-615-ml,https://cdn.sanity.io/images/4sov2yyo/production/0b3d1817943cdf5f175ad27dafa369d81b18f709-1280x1280.jpg,,DC Inc,NAGR0615,,
CGCH0670,Copa Gino 670 ml,"Copa Gino.
Capacidad 670 ml.
Caja de 24 unidades.
Opcional servicio de impresion.
Producto importado.",in stock,new,3223.34 ARS,http://localhost:3000/producto/copa-gino-670-ml,https://cdn.sanity.io/images/4sov2yyo/production/c7f7c7e6b30c6a21b6159911ec0895839e41c355-1280x1280.jpg,,DC Inc,CGCH0670,,
LBG0399,Copa Goblet 399 ml,"Copa Goblet 399ml Libbey.
Capacidad 399 ml.
Caja de 12 unidades.
Opcional servicio de impresion.
Producto importado.",in stock,new,13855.23 ARS,http://localhost:3000/producto/copa-goblet-399-ml,https://cdn.sanity.io/images/4sov2yyo/production/915b8d63327fab491a095a2e0c4872f971fdb9b8-1280x1280.jpg,,DC Inc,LBG0399,,
NAHR0355,Copa Hurricane 380 ml,"- Capacidad 380 ml
- Caja de 6 unidades
- Opcional servicio de impresion
- Producto Importado",in stock,new,4163.20 ARS,http://localhost:3000/producto/copa-hurricane-380-ml,https://cdn.sanity.io/images/4sov2yyo/production/0f9bdde23382af5ebf51b0dac7d6453734cacef8-1280x1280.png,,DC Inc,NAHR0355,,
NAMG0335,Copa Margarita 335 ml,"- Capacidad 335 ml
- Caja de 6 unidades
- Opcional servicio de impresion
- Producto Importado",in stock,new,3550.58 ARS,http://localhost:3000/producto/copa-margarita-335-ml,https://cdn.sanity.io/images/4sov2yyo/production/57279a6a3615b79a8e69f2942df0d3b8f7e08183-1280x1280.jpg,,DC Inc,NAMG0335,,
NAMT0250,Copa Martini 250 ml,"- Capacidad 250 ml
- Caja de 6 unidades
- Opcional servicio de impresion
- Producto Importado",in stock,new,2877.03 ARS,http://localhost:3000/producto/copa-martini-250-ml,https://cdn.sanity.io/images/4sov2yyo/production/f36b5641a87a026d71bc2827a19a610625253e57-1280x1280.jpg,,DC Inc,NAMT0250,,
NAMS0360,Copa MilkShake 360 ml,"- Capacidad 360 ml
- Caja de 12 unidades
- Opcional servicio de impresion
- Producto Importado",in stock,new,5877.56 ARS,http://localhost:3000/producto/copa-milkshake-360-ml,https://cdn.sanity.io/images/4sov2yyo/production/e630420fa9fdb891a137b0ae69a9f949f15631a5-1280x1280.png,,DC Inc,NAMS0360,,
PRP0490,Copa Patagónica 490 ml,"- Capacidad 490 ml
- Caja de 12 unidades
- Opcional servicio de impresion
- Producto Nacional",in stock,new,6944.34 ARS,http://localhost:3000/producto/copa-patagonica-490-ml,https://cdn.sanity.io/images/4sov2yyo/production/a5780fca076c582b9bffba6384c996bafa1b5f66-1280x1280.jpg,,DC Inc,PRP0490,,
CRP0442,Copa Praga 442 ml,"Capacidad 442 ml
Caja de 442 ml: 24 unidades
Opcional servicio de impresion",in stock,new,2893.18 ARS,http://localhost:3000/producto/copa-praga-442-ml,https://cdn.sanity.io/images/4sov2yyo/production/2ab6d261e6bfcb48b60f5e302db1055043ebf51a-1280x1280.png,,DC Inc,CRP0442,,
NAPG0220,Copa Prestige 220 ml,"Copa Prestige.
Capacidad 220 ml.
Caja de 12 unidades.
Opcional servicio de impresion.
Producto importado.",in stock,new,2205.12 ARS,http://localhost:3000/producto/copa-prestige-220-ml,https://cdn.sanity.io/images/4sov2yyo/production/c25eafa852ce7c546c78a48a1af5374cdd453494-1280x1280.png,,DC Inc,NAPG0220,,
NAPG0350,Copa Prestige 350 ml,"Copa Prestige.
Capacidad 350 ml.
Caja de 12 unidades.
Opcional servicio de impresion.
Producto importado.",in stock,new,2386.26 ARS,http://localhost:3000/producto/copa-prestige-350-ml,https://cdn.sanity.io/images/4sov2yyo/production/6cf10c1ffcdf11ffc44ed7fc58ed053475b528b2-1280x1280.png,,DC Inc,NAPG0350,,
NAPG0500,Copa Prestige 500 ml,"Copa Prestige.
Capacidad 500 ml.
Caja de 6 unidades.
Opcional servicio de impresion.
Producto importado.",in stock,new,2633.29 ARS,http://localhost:3000/producto/copa-prestige-500-ml,https://cdn.sanity.io/images/4sov2yyo/production/9a74720420cba0ab4fec292d9bb985992ccd74b1-1280x1280.png,,DC Inc,NAPG0500,,
NAPG0600,Copa Prestige 600 ml,"Copa Prestige.
Capacidad 600 ml.
Caja de 6 unidades.
Opcional servicio de impresion.
Producto importado.",in stock,new,3122.41 ARS,http://localhost:3000/producto/copa-prestige-600-ml,https://cdn.sanity.io/images/4sov2yyo/production/34011bac5cee03875792defd26b216f98da766aa-1280x1280.jpg,,DC Inc,NAPG0600,,
NARA0500,Copa Ravena 500 ml,"Capacidad 500 ml
>Caja de 500 ml: 12 unidades
Opcional servicio de impresion",in stock,new,2570.71 ARS,http://localhost:3000/producto/copa-ravena-500-ml,https://cdn.sanity.io/images/4sov2yyo/production/97ef26a151f927aab8a818815933ca50753d1c01-16001x16000.png,,DC Inc,NARA0500,,
LBS0580,Copa Spirit 580 ml,"Capacidad 580 ml
Caja de 6 unidades
Opcional servicio de impresion",in stock,new,7517.79 ARS,http://localhost:3000/producto/copa-spirit-580-ml,https://cdn.sanity.io/images/4sov2yyo/production/e725b8bb95e5bda88739fad9b63891f1a2b16289-1280x1280.jpg,,DC Inc,LBS0580,,
NACW0330,Copa Windsor Cerveza 330 ml,"Capacidad 330 ml
Caja de 330 ml: 12 unidades
Opcional servicio de impresion",in stock,new,2692.58 ARS,http://localhost:3000/producto/copa-windsor-cerveza-330-ml,https://cdn.sanity.io/images/4sov2yyo/production/614ada3d08ef95ce73e725b7c00ce22ab1d0bd41-1280x1280.jpg,,DC Inc,NACW0330,,
NAWC0330,Copa Windsor Cognac 330 ml,"Capacidad 330 ml
Caja de 330 ml: 12 unidades
Opcional servicio de impresion",in stock,new,2877.03 ARS,http://localhost:3000/producto/copa-windsor-cognac-330-ml,https://cdn.sanity.io/images/4sov2yyo/production/c6acbd1b81e0f827ea6f68b2c24632b2dbebd609-1280x1280.jpg,,DC Inc,NAWC0330,,
ROCB400,Copon Bombe 400 ml,"Capacidad 400 ml
Caja de 400 ml: 48 unidades
Opcional servicio de impresion",in stock,new,1316.58 ARS,http://localhost:3000/producto/copon-bombe-400-ml,https://cdn.sanity.io/images/4sov2yyo/production/0de720c3a55e0dd1a5fb7fd8d6617d5c3379ae17-1280x1280.jpg,,DC Inc,ROCB400,,
NASD0460,Copon s/pie Dubai 460 ml,"Capacidad 460 ml
Caja de 460 ml: 24 unidades
Opcional servicio de impresion",in stock,new,1836.22 ARS,http://localhost:3000/producto/copon-s-pie-dubai-460-ml,https://cdn.sanity.io/images/4sov2yyo/production/ce213e43e8ce8dd0b3fcf4c2caa0e0254484e496-1280x1280.jpg,,DC Inc,NASD0460,,
NACD500,Copon s/pie Dubai 500 ml,"Capacidad 500 ml
Caja de 500 ml: 12 unidades
Opcional servicio de impresion",in stock,new,2326.98 ARS,http://localhost:3000/producto/copon-s-pie-dubai-500-ml,https://cdn.sanity.io/images/4sov2yyo/production/842a94707ade60e2b048c357630d93a49a548ece-1280x1280.jpg,,DC Inc,NACD500,,
RICF0450,Copon s/pie Flint 450 ml,"Copon sin pie Flint Rigolleau 450 ml
Capacidad 450 ml
Caja de 450 ml: 36 unidades
Opcional servicio de impresion",in stock,new,1593.40 ARS,http://localhost:3000/producto/copon-s-pie-flint-450-ml,https://cdn.sanity.io/images/4sov2yyo/production/a8a1510e0f8649465f4e0137a317db1b470f466c-1280x1280.png,,DC Inc,RICF0450,,
NABA0345,Copon s/pie alto Aruba 465 ml,"Capacidad 465 ml
Caja de 465 ml: 12 unidades
Opcional servicio de impresion",out of stock,new,1958.09 ARS,http://localhost:3000/producto/copon-s-pie-alto-aruba-465-ml,https://cdn.sanity.io/images/4sov2yyo/production/596517920a3956447ca3b3f416e356ae37e76ff0-1280x1280.png,,DC Inc,NABA0345,,
CRAM0460,Copon s/pie alto Mikonos 460 ml,"Capacidad 460 ml
Caja de 460 ml: 48 unidades
Opcional servicio de impresion",out of stock,new,1664.05 ARS,http://localhost:3000/producto/copon-s-pie-alto-mikonos-460-ml,https://cdn.sanity.io/images/4sov2yyo/production/efffdab6c158c5adc59aa707371eea8dc30d8cb4-1280x1280.png,,DC Inc,CRAM0460,,
CRA0463,Copon s/pie alto Sicilia 463 ml,"Capacidad 463 ml
Caja de 463 ml: 48 unidades
Opcional servicio de impresion",in stock,new,1564.49 ARS,http://localhost:3000/producto/copon-s-pie-alto-sicilia-463-ml,https://cdn.sanity.io/images/4sov2yyo/production/8dc8a58e23a21aaa628961a183243dc5ec056c2d-1280x1280.jpg,,DC Inc,CRA0463,,
NAAA0465,Copon s/pie bajo Aruba 345 ml,"Capacidad 345 ml
Caja de 345 ml: 24 unidades
Opcional servicio de impresion",in stock,new,1836.22 ARS,http://localhost:3000/producto/copon-s-pie-bajo-aruba-345-ml,https://cdn.sanity.io/images/4sov2yyo/production/596517920a3956447ca3b3f416e356ae37e76ff0-1280x1280.png,,DC Inc,NAAA0465,,
CRBM0343,Copon s/pie bajo Mikonos 343 ml,"Capacidad 343 ml
Caja de 343 ml: 48 unidades
Opcional servicio de impresion",out of stock,new,1664.05 ARS,http://localhost:3000/producto/copon-s-pie-bajo-mikonos-343-ml,https://cdn.sanity.io/images/4sov2yyo/production/3df853496cfc18bda4a6260699d4f6d4c9e2c2f7-1280x1280.png,,DC Inc,CRBM0343,,
CRB0369,Copon s/pie bajo Sicilia 369 ml,"Copon sin pie bajo Sicilia.
Capacidad 369 ml.
Caja de 48 unidades.
Producto importado.",in stock,new,1229.83 ARS,http://localhost:3000/producto/copon-s-pie-bajo-sicilia-369-ml,https://cdn.sanity.io/images/4sov2yyo/production/d100879115155d224160608139005482bbb47f9d-1280x1280.jpg,,DC Inc,CRB0369,,
CSCH0400,Copon sin tallo alto 440 ml,"Capacidad 440 ml
Caja de 440 ml: 24 unidades
Opcional servicio de impresion",in stock,new,2256.45 ARS,http://localhost:3000/producto/copon-sin-tallo-alto-440-ml,https://cdn.sanity.io/images/4sov2yyo/production/9b06c2f42332fc2e797e4fd9d970556bc2f32fef-1280x1280.jpg,,DC Inc,CSCH0400,,
NACY0350,Cylinder Refresco 350 ml,"Cylinder Refresco.
Capacidad 350 ml.
Caja de 24 unidades.
Opcional servicio de impresion.",in stock,new,1408.04 ARS,http://localhost:3000/producto/cylinder-refresco-350-ml,https://cdn.sanity.io/images/4sov2yyo/production/170b90640b2c90c2f6d5356b5e6c5667b4e1a6f9-1280x1280.jpg,,DC Inc,NACY0350,,
DEC1800,Decantador 1800 ml,"- Capacidad 1800 ml
- Caja de 1 unidad
- Opcional servicio de impresion
- Producto Importado",out of stock,new,22367.96 ARS,http://localhost:3000/producto/decantador-1800-ml,https://cdn.sanity.io/images/4sov2yyo/production/ccf1f0a6000930d615a529b89c2df64b9647da5c-1280x1280.png,,DC Inc,DEC1800,,
DEC2000,Decantador 2000 ml,"- Capacidad 2000 ml
- Caja de 1 unidad
- Opcional servicio de impresion
- Producto Importado",in stock,new,23610.63 ARS,http://localhost:3000/producto/decantador-2000-ml,https://cdn.sanity.io/images/4sov2yyo/production/cdd7a0d42e0b601c5a4185a2212944ea30da0210-1280x1280.png,,DC Inc,DEC2000,,
NAMA0500,Decantador 500 ml,"- Capacidad 500 ml
- Caja de 12 unidades
- Opcional servicio de impresion
- Producto Importado",in stock,new,2020.67 ARS,http://localhost:3000/producto/decantador-500-ml,https://cdn.sanity.io/images/4sov2yyo/production/43aec55c5f2d95d00f35d399db4c65ddca48bc42-16001x16000.png,,DC Inc,NAMA0500,,
NAMA0900,Decantador 950 ml,"- Capacidad 950 ml
- Caja de 12 unidades
- Opcional servicio de impresion
- Producto Importado",in stock,new,3957.35 ARS,http://localhost:3000/producto/decantador-950-ml,https://cdn.sanity.io/images/4sov2yyo/production/45642fa70898b08ca9c7898cca95cf75a4000c23-16001x16000.png,,DC Inc,NAMA0900,,
NAJB1500,Jarra Bar 1500 ml,"- Capacidad 1500 ml
- Caja de 6 unidades
- Opcional servicio de impresion
- Producto Importado",in stock,new,7468.41 ARS,http://localhost:3000/producto/jarra-bar-1500-ml,https://cdn.sanity.io/images/4sov2yyo/production/688457e755ca54ea7d7fb1fcd7a53bfee5c7275c-1280x1280.png,,DC Inc,NAJB1500,,
NAJB0780,Jarra Bar 780 ml,"- Capacidad 780 ml
- Caja de 6 unidades
- Opcional servicio de impresion
- Producto Importado",in stock,new,4163.20 ARS,http://localhost:3000/producto/jarra-bar-780-ml,https://cdn.sanity.io/images/4sov2yyo/production/688457e755ca54ea7d7fb1fcd7a53bfee5c7275c-1280x1280.png,,DC Inc,NAJB0780,,
CRJG1500,Jarra Genova 1500 ml,"- Capacidad 1500 ml
- Caja de 12 unidades
- Opcional servicio de impresion
- Producto Importado",in stock,new,12166.51 ARS,http://localhost:3000/producto/jarra-genova-1500-ml,https://cdn.sanity.io/images/4sov2yyo/production/fc598d8da513930fd03a7e94e1c133ef32ae812b-1280x1280.jpg,,DC Inc,CRJG1500,,
BMJS0510,Jarra Stern 510 ml,"Capacidad 510 ml
Caja 6 unidades
Opcional servicio de impresion",in stock,new,6672.48 ARS,http://localhost:3000/producto/jarra-stern-510-ml,https://cdn.sanity.io/images/4sov2yyo/production/37ac7b2d3a0193c5a38d21e90dc3ccb92ea91201-1280x1280.png,,DC Inc,BMJS0510,,
NAJT0340,Jarra Taberna 340 ml,"Capacidad 340 ml ml
Caja de 340 ml: 12 unidades
Opcional servicio de impresion",in stock,new,5204.00 ARS,http://localhost:3000/producto/jarra-taberna-340-ml,https://cdn.sanity.io/images/4sov2yyo/production/540f8808776b643f15796b388187f24d5e5851c9-1280x1280.jpg,,DC Inc,NAJT0340,,
MMJV1500,Jarra Vallarta 1500 ml,"- Capacidad 1500 ml
- Caja de 12 unidades
- Opcional servicio de impresion
- Producto Nacional",in stock,new,3828.00 ARS,http://localhost:3000/producto/jarra-vallarta-1500-ml,https://cdn.sanity.io/images/4sov2yyo/production/0ff4b206c1300734ad22131f12df2434e4331d66-1280x1280.png,,DC Inc,MMJV1500,,
LAS354,Lata 354 ml - 12 oz,"Envase de aluminio nuevo
Capacidad 354 ml / 12 oz
Altura 122,22 mm - Base 57,38 mm
Color plata
Opcion sin Tapa, con Tapa B64 o Tapa CDL
Marca Ball
Medidas pallet 1,4x1,1x2,5 m
Peso pallet 100 kg
Cantidad pallet 7391 unidades
Importante: Precios sujetos a dólar divisa del día Banco Nacion, se fija cotización a partir de acreditación de pago. Precios por pallet no incluyen cajas (tener en cuenta la fragilidad y altura del producto para su traslado en pallet).
Opcional cajas para distribucion de producto final, tambien podemos imprimir tu diseño.",in stock,new,530.35 ARS,http://localhost:3000/producto/lata-354-ml-12-oz,https://cdn.sanity.io/images/4sov2yyo/production/12ddbb230d365e9b9f932c847fccf4bc5b029ace-1000x1000.png,,DC Inc,LAS354,,
LAS355-S,Lata 355 ml Sleek - 12 oz,"Envase de aluminio nuevo
Capacidad 355 ml / 12 oz
Altura 155,6 mm - Base 57,38 mm
Color plata
Opcion sin Tapa, con Tapa B64 o Tapa CDL
Marca Ball
Medidas pallet 1,4x1,1x2,5 m
Peso pallet 100 kg
Cantidad pallet 7392 unidades
Importante: Precios sujetos a dólar divisa del día Banco Nacion, se fija cotización a partir de acreditación de pago. Precios por pallet no incluyen cajas (tener en cuenta la fragilidad y altura del producto para su traslado en pallet).
Opcional cajas para distribucion de producto final, tambien podemos imprimir tu diseño.",in stock,new,543.73 ARS,http://localhost:3000/producto/lata-355-ml-sleek-12-oz,https://cdn.sanity.io/images/4sov2yyo/production/33fcd6cd86eb2b4271e7c8dd063a1af47ddd6acd-1000x1000.png,,DC Inc,LAS355-S,,
LAS473,Lata 473 ml - 16 oz,"Envase de aluminio nuevo
Capacidad 473 ml / 16 oz
Altura 157,22 mm - Base 57,37 mm
Color plata
Opcion sin Tapa, con Tapa B64 o Tapa CDL
Marca Ball
Medidas pallet 1,4x1,1x2,75 m
Peso pallet 100 kg
Cantidad pallet 5446 unidades
Importante: Precios sujetos a dólar divisa del día Banco Nacion, se fija cotización a partir de acreditación de pago. Precios por pallet no incluyen cajas (tener en cuenta la fragilidad y altura del producto para su traslado en pallet).
Opcional cajas para distribucion de producto final, tambien podemos imprimir tu diseño.",in stock,new,545.37 ARS,http://localhost:3000/producto/lata-473-ml-16-oz,https://cdn.sanity.io/images/4sov2yyo/production/21aae76bb93169eca5b9bec66b2dbf1d0d74cf7b-1000x1000.png,,DC Inc,LAS473,,
DUMA0250,Media Pinta Americana 250 ml,"Media pinta americana.
Capacidad 250 ml.
Caja de 24 unidades.
Opcional servicio de impresion.",in stock,new,820.82 ARS,http://localhost:3000/producto/media-pinta-americana-250-ml,https://cdn.sanity.io/images/4sov2yyo/production/8c6def2e18c35591f126e463aa7d6f474b4a7006-1280x1280.jpg,,DC Inc,DUMA0250,,
BMNT0285,Media Pinta Inglesa Templada 285 ml,"Capacidad 285 ml
Caja de 285 ml: 12 unidades
Opcional servicio de impresion",in stock,new,3027.85 ARS,http://localhost:3000/producto/media-pinta-inglesa-templada-285-ml,https://cdn.sanity.io/images/4sov2yyo/production/39ff41274d23e0d09c8ed3978996aa3c1090a41c-1280x1280.jpg,,DC Inc,BMNT0285,,
RIMP0320,Media Pinta Irlandesa 320 ml,"Capacidad 320 ml
Caja de 320 ml: 36 unidades
Opcional servicio de impresion",in stock,new,1210.61 ARS,http://localhost:3000/producto/media-pinta-irlandesa-320-ml,https://cdn.sanity.io/images/4sov2yyo/production/2d213401091987c71b163e81bfe01553c24cc317-1280x1280.jpg,,DC Inc,RIMP0320,,
NAMS0285,Media Pinta Stout 285 ml,"Capacidad 285 ml
Caja de 285 ml: 12 unidades
Opcional servicio de impresion",in stock,new,2326.98 ARS,http://localhost:3000/producto/media-pinta-stout-285-ml,https://cdn.sanity.io/images/4sov2yyo/production/953c0243521cb783e82e26db434a2c0b90c478ec-1280x1280.jpg,,DC Inc,NAMS0285,,
LBMB185,Mini Belga 185 ml (*),"Mini Belga 185 ml.
Capacidad 185 ml.
(*) Este modelo se vende por unidad con la condicion de realizar una compra minima de $150000
Opcional servicio de impresion.",in stock,new,8127.09 ARS,http://localhost:3000/producto/mini-belga-185-ml,https://cdn.sanity.io/images/4sov2yyo/production/f0ccbb04f00aff0404424a30ad94784eec6a3695-1280x1280.jpg,,DC Inc,LBMB185,,
MBB50F,Mini Botella R Barrica - 50 ml,"• Envase de vidrio nuevo para bebidas espirituosas.
• Capacidad 50 ml
• Altura 985±1,6 mm - Base 40±1,6 mm - Peso 76 grs
• Boca externa 17,5±0,5mm.
• Tapa axial ideal 18 mm
• Color transparente/flint.
• Fabricación Nacional
Este producto se entrega fraccionado en cajas genericas. También en pallet: 100 x 120 x 150 cm.
Opcional cajas para distribucion de producto final, tambien podemos imprimir tu diseño.",out of stock,new,469.04 ARS,http://localhost:3000/producto/mini-botella-r-barrica-50-ml,https://cdn.sanity.io/images/4sov2yyo/production/bd10b4413530b8a1cb64e863ee4d4bf00d4d0f12-1000x1000.jpg,,DC Inc,MBB50F,,
LBMD185,Mini Dubai 185 ml (*),"Mini Dubai 185 ml.
Capacidad 185 ml.
(*) Este modelo se vende por unidad con la condicion de realizar una compra minima de $150000
Opcional servicio de impresion.",in stock,new,5021.81 ARS,http://localhost:3000/producto/mini-dubai-185-ml,https://cdn.sanity.io/images/4sov2yyo/production/9bd3b69e0a0bde88a979d38b4a54c201bf2735a8-1280x1280.jpg,,DC Inc,LBMD185,,
LBML148,Mini Lata 148 ml (*),"Mini Lata 148 ml.
Capacidad 148 ml.
(*) Este modelo se vende por unidad con la condicion de realizar una compra minima de $150000
Opcional servicio de impresion.",in stock,new,3255.49 ARS,http://localhost:3000/producto/mini-lata-148-ml,https://cdn.sanity.io/images/4sov2yyo/production/cd02e8027e5431c83643db9c3823a40c4e0e55ec-1280x1280.jpg,,DC Inc,LBML148,,
LBMP177,Mini Pilsner 177 ml (*),"Mini Pilsner 177 ml.
Capacidad 177 ml.
(*) Este modelo se vende por unidad con la condicion de realizar una compra minima de $150000
Opcional servicio de impresion.",in stock,new,5595.66 ARS,http://localhost:3000/producto/mini-pilsner-177-ml,https://cdn.sanity.io/images/4sov2yyo/production/d0b3b6ddcacb021b28953e1bec2f0d79fff97728-1280x1280.jpg,,DC Inc,LBMP177,,
PRMN0080,Mini Pinta Inglesa 80 ml,"Capacidad 80 ml
Caja de 80 ml: 12 unidades
Opcional servicio de impresion",in stock,new,3967.72 ARS,http://localhost:3000/producto/mini-pinta-inglesa-80-ml,https://cdn.sanity.io/images/4sov2yyo/production/ff89732c68ae684157eeaa281e6cb1e27a8f1ee9-1280x1280.jpg,,DC Inc,PRMN0080,,
PRMC0080,Mini Pinta Irlandesa 80 ml,"Capacidad 80 ml
Caja de 80 ml: 24 unidades
Opcional servicio de impresion",in stock,new,3967.72 ARS,http://localhost:3000/producto/mini-pinta-irlandesa-80-ml,https://cdn.sanity.io/images/4sov2yyo/production/3efe61e581416d73b35d8ea1fd9be8389ec2026c-1280x1280.jpg,,DC Inc,PRMC0080,,
BARRIPACK,Pack Botella Barrica - 750 ml,"Pack de botellas Barrica incluye:
• 240un Botellas Barrica 750 ml
• 240un Tapón barrica tipo ""T"" - Beige
• 240un Precinto termocontraible 61x45 mm
• 40un Caja 6 Botellas 750 ml Barrica",in stock,new,588276.91 ARS,http://localhost:3000/producto/pack-botella-barrica-750-ml,https://cdn.sanity.io/images/4sov2yyo/production/490edaf5d29b1d40290b8c2b202bed3ebb9560b1-1000x1000.png,,DC Inc,BARRIPACK,,
BITVERDEPACKPIL,Pack Botella Bitter Verde - 750 ml - Pilfer,"• Pack de botellas Bitter VERDE incluye:
• 300un Botella OI verde Bitter - 750 ml
• 300un Tapa bit pilfer 33,4 mm - Negro - Sin Inserto
• 50un Caja 6 Botellas Bitter 750 ml",in stock,new,356618.83 ARS,http://localhost:3000/producto/pack-botella-bitter-verde-750-ml-pilfer,https://cdn.sanity.io/images/4sov2yyo/production/0f0de4a3ce2455ba0e298f00bb1301edd82e7823-1000x1000.jpg,,DC Inc,BITVERDEPACKPIL,,
BITVERDEPACKAL,Pack Botella Bitter Verde 750 ml c/tapa Plastico,"Pack de botellas Bitter Verde incluye:
• 300un Botella OI Verde - 750 ml
• 300un Tapa plastica - Negro - Sin Inserto
• 300un Precinto Termocontraible - Color Cristal
• 50un Caja 6 Botellas Bitter 750 ml",in stock,new,337155.27 ARS,http://localhost:3000/producto/pack-botella-bitter-verde-750-ml-c-tapa-plastico,https://cdn.sanity.io/images/4sov2yyo/production/1a7c2773b4fea7cd003944c9bb92fa505b505451-1000x1000.jpg,,DC Inc,BITVERDEPACKAL,,
GUAVERDEPACK,Pack Botella Guarda Verde - 750 ml,"Pack de botellas Guarda verde incluye:
• 288un Botellas Guarda verde 750 ml
• 288un Tapa Corona dorada Premium 29 mm - Hojalata
• 48un Caja 6 Botellas Guarda 750 ml",in stock,new,410267.54 ARS,http://localhost:3000/producto/pack-botella-guarda-verde-750-ml,https://cdn.sanity.io/images/4sov2yyo/production/7f6113f1c6325d6a78ea2aba7ba867c41e0efe2e-1000x1000.jpg,,DC Inc,GUAVERDEPACK,,
BOT500PACK,Pack Botella R - 500 ml,"Pack de Botella R - 500 ml incluye:
• 585un Botella R - 500 ml
• 585un Tapa Corona Premium 27 mm - Lisa
• 49un Caja 12 Botellas 500 ml",in stock,new,374831.49 ARS,http://localhost:3000/producto/pack-botella-r-500-ml,https://cdn.sanity.io/images/4sov2yyo/production/f6697d17c363baa06caa8afba9565f40f35c25c9-1000x1000.jpg,,DC Inc,BOT500PACK,,
AGPAMBPACK,Pack Botella R Agropecuario Ambar - 500 ml,"Pack de botellas Agropecuario incluye:
• 300un Botella R Agropecuario Ambar - 500 ml
• 300un Tapón agropecuario tipo ""T"" - Beige
• 300un Precinto termocontraible 61x45 mm
• 50un Caja 6 Botellas Agropecuario 500 ml",in stock,new,436899.79 ARS,http://localhost:3000/producto/pack-botella-r-agropecuario-ambar-500-ml,https://cdn.sanity.io/images/4sov2yyo/production/11bb8700ace1c81f0d22c98614229ab42067d339-1000x1000.png,,DC Inc,AGPAMBPACK,,
AGPFLINTPACK,Pack Botella R Agropecuario Flint - 500 ml,"Pack de botellas Agropecuario incluye:
• 300un Botella R Agropecuario Flint - 500 ml
• 300un Tapón agropecuario tipo ""T"" - Beige
• 300un Precinto termocontraible 61x45 mm
• 50un Caja 6 Botellas Agropecuario 500 ml",in stock,new,521899.63 ARS,http://localhost:3000/producto/pack-botella-r-agropecuario-flint-500-ml,https://cdn.sanity.io/images/4sov2yyo/production/e42b746b04bf004fac35c65f2f3b4d674deaef28-1000x1000.jpg,,DC Inc,AGPFLINTPACK,,
LAT16PACK,Pack Lata 473 ml - 16 oz,"Pack de latas 473 ml incluye:
• 968un Latas 473ml
• 968un Tapas CDL ó B64
• 80un Cajas para 12 latas",in stock,new,610579.25 ARS,http://localhost:3000/producto/pack-lata-473-ml-16-oz,https://cdn.sanity.io/images/4sov2yyo/production/292d9e2ea4d6b93a49311c0611d3221f33b30833-1000x1000.jpg,,DC Inc,LAT16PACK,,
CRPC0414,Pinta Americana 414 ml,"Pinta Americana importada
Capacidad 414 ml.
Caja de 12 unidades.
Opcional servicio de impresion.",in stock,new,2931.72 ARS,http://localhost:3000/producto/pinta-americana-414-ml,https://cdn.sanity.io/images/4sov2yyo/production/9ffa9b1d1bf52f86313a76d4f1bf94ba42dd829f-1280x1280.png,,DC Inc,CRPC0414,,
CRPC0473,Pinta Americana 473 ml,"Pinta Americana importada
Capacidad 473 ml.
Caja de 12 unidades.
Opcional servicio de impresion.",in stock,new,2910.26 ARS,http://localhost:3000/producto/pinta-americana-473-ml,https://cdn.sanity.io/images/4sov2yyo/production/49b9c1928a44427b928097c1e75295c1bb8f9848-1280x1280.png,,DC Inc,CRPC0473,,
CRPAH0591,Pinta Americana XL 591 ml,"Capacidad 591 ml
Caja de 591 ml: 24 unidades
Opcional servicio de impresion",in stock,new,4937.65 ARS,http://localhost:3000/producto/pinta-americana-xl-591-ml,https://cdn.sanity.io/images/4sov2yyo/production/e484f0422c8b3e0db26985983db3e939ab9369ba-1280x1280.jpg,,DC Inc,CRPAH0591,,
DXBC0350,Pinta Bajo Coctel 350 ml,"Capacidad 350 ml
Caja de 350 ml: 24 unidades
Opcional servicio de impresion",in stock,new,1042.91 ARS,http://localhost:3000/producto/pinta-bajo-coctel-350-ml,https://cdn.sanity.io/images/4sov2yyo/production/528a06d83d89f0cb2ab0ef25f85e87d86521dff0-1280x1280.png,,DC Inc,DXBC0350,,
RIPB0370,Pinta Barca 370 ml,"Capacidad 370 ml
Caja de 370 ml: 48 unidades
Opcional servicio de impresion",in stock,new,1593.40 ARS,http://localhost:3000/producto/pinta-barca-370-ml,https://cdn.sanity.io/images/4sov2yyo/production/c01d7a0bb49590e1919da3ef1c5139bd1e554d78-1280x1280.jpg,,DC Inc,RIPB0370,,
ROPB480,Pinta Ber 480 ml,"- Capacidad 480 ml
- Caja de 6 unidades
- Opcional servicio de impresion
- Producto Importado",in stock,new,2273.68 ARS,http://localhost:3000/producto/pinta-ber-480-ml,https://cdn.sanity.io/images/4sov2yyo/production/8b1532f5c00882f98bbbe20a8529f7841a270fb4-1280x1280.jpg,,DC Inc,ROPB480,,
CRPB0565,Pinta Berlin 565 ml,"Capacidad 565 ml
Caja de 565 ml: 24 unidades
Opcional servicio de impresion",in stock,new,3188.72 ARS,http://localhost:3000/producto/pinta-berlin-565-ml,https://cdn.sanity.io/images/4sov2yyo/production/f4177284571378c3dd6a3117c766b052bfedd922-1280x1280.jpg,,DC Inc,CRPB0565,,
RIPB0560,Pinta Bruselas 560 ml,"Capacidad 560 ml
Caja de 560 ml: 36 unidades
Opcional servicio de impresion",in stock,new,1593.40 ARS,http://localhost:3000/producto/pinta-bruselas-560-ml,https://cdn.sanity.io/images/4sov2yyo/production/166fa4c3ace68cbd337d6431e7d8c56e1f84acac-1280x1280.png,,DC Inc,RIPB0560,,
NAPC0360,Pinta Club 360 ml,"Pinta Club.
Capacidad 360 ml.
Caja de 12 unidades.
Opcional servicio de impresion.",in stock,new,2877.03 ARS,http://localhost:3000/producto/pinta-club-360-ml,https://cdn.sanity.io/images/4sov2yyo/production/7ebf0ec6e6c3692f90677b40ea6b87a9b5012b1b-1280x1280.jpg,,DC Inc,NAPC0360,,
NADF0200,Pinta Degustación Frevo 200 ml,"Capacidad 200ml
Caja de 200 ml: 24 unidades
Opcional servicio de impresion",in stock,new,1958.09 ARS,http://localhost:3000/producto/pinta-degustacion-frevo-200-ml,https://cdn.sanity.io/images/4sov2yyo/production/b7eb05564259668d34f153f1e8014ea5762cac4f-1280x1280.png,,DC Inc,NADF0200,,
NAPF0570,Pinta Folk 570 ml,"Capacidad 570 ml
Caja de 570 ml: 12 unidades
Opcional servicio de impresion",in stock,new,2326.98 ARS,http://localhost:3000/producto/pinta-folk-570-ml,https://cdn.sanity.io/images/4sov2yyo/production/aa9d2ce9446042b62bd91aaabc9843b22f8cc295-1280x1280.jpg,,DC Inc,NAPF0570,,
NAMF0320,Pinta Frevo 320 ml,"Capacidad 320 ml
Caja de 320 ml: 24 unidades
Opcional servicio de impresion",in stock,new,2020.67 ARS,http://localhost:3000/producto/pinta-frevo-320-ml,https://cdn.sanity.io/images/4sov2yyo/production/ed6cb920e1e1ade7fefdaced2ebe27c82a692d4d-1280x1280.jpg,,DC Inc,NAMF0320,,
LBPG0473,Pinta Glasscan 473 ml,"Pinta Glasscan Libbey.
Capacidad 473 ml.
Caja de 12 unidades.
Opcional servicio de impresion.",in stock,new,2909.32 ARS,http://localhost:3000/producto/pinta-glasscan-473-ml,https://cdn.sanity.io/images/4sov2yyo/production/95888a875fd0f813d1cbeb6cd0b5bd7e7822f79e-1280x1280.png,,DC Inc,LBPG0473,,
PRPG0490,Pinta Gota 490 ml,"Vaso Gota.
Capacidad 490 ml.
Caja de 12 unidades.
Opcional servicio de impresion.",in stock,new,5207.99 ARS,http://localhost:3000/producto/pinta-gota-490-ml,https://cdn.sanity.io/images/4sov2yyo/production/0e18c85450bc01daac8aa0133d00eeae452fa185-1280x1280.png,,DC Inc,PRPG0490,,
ROPH570,Pinta Hops 570 ml,"- Capacidad 570 ml
- Caja de 6 unidades
- Opcional servicio de impresion
- Producto Importado",in stock,new,2707.40 ARS,http://localhost:3000/producto/pinta-hops-570-ml,https://cdn.sanity.io/images/4sov2yyo/production/225b7ba4a768105c0cf6a6d938f3b130ec20d2c8-1280x1280.jpg,,DC Inc,ROPH570,,
DXPIL0420,Pinta Ikea Long 420ml,"- Capacidad 420 ml
- Caja de 24 unidades
- Opcional servicio de impresion
- Producto Nacional",out of stock,new,1132.80 ARS,http://localhost:3000/producto/pinta-ikea-long-420ml,https://cdn.sanity.io/images/4sov2yyo/production/e7460ccf708b0c84020709074c9d2b7e4f93ff9c-1280x1280.jpg,,DC Inc,DXPIL0420,,
NAPI0400,Pinta Ilhabela 400 ml,"Capacidad 400 ml
Caja de 400 ml: 12 unidades
Opcional servicio de impresion",in stock,new,2326.98 ARS,http://localhost:3000/producto/pinta-ilhabela-400-ml,https://cdn.sanity.io/images/4sov2yyo/production/42e4ad75d91526e2fd392fdbe6ac97789794d918-1280x1280.jpg,,DC Inc,NAPI0400,,
CRPP0590,Pinta Inglesa Pub 590 ml,"Capacidad 590 ml
Caja de 590 ml: 12 unidades
Opcional servicio de impresion",in stock,new,2594.91 ARS,http://localhost:3000/producto/pinta-inglesa-pub-590-ml,https://cdn.sanity.io/images/4sov2yyo/production/7cd7e67baeebfa551283ce0fa6173e0e9984be87-1280x1280.jpg,,DC Inc,CRPP0590,,
BMNT0565,Pinta Inglesa Templada 565 ml,"Capacidad 565 ml
Caja de 565 ml: 12 unidades
Opcional servicio de impresion",in stock,new,3532.49 ARS,http://localhost:3000/producto/pinta-inglesa-templada-565-ml,https://cdn.sanity.io/images/4sov2yyo/production/5d530aa52e3ce105edca0e11ac79f886d982f3be-1280x1280.jpg,,DC Inc,BMNT0565,,
PRPII0453,Pinta Ipa 2 453 ml,"Capacidad 453 ml
Caja de 453 ml: 24 unidades
Opcional servicio de impresion",in stock,new,4579.24 ARS,http://localhost:3000/producto/pinta-ipa-2-453-ml,https://cdn.sanity.io/images/4sov2yyo/production/8eaec4bc08d41d8417244a5f8a4d46f50e82fe1c-1280x1280.jpg,,DC Inc,PRPII0453,,
PRPI0453,Pinta Ipa I 453 ml,"Capacidad 453 ml
Caja de 453 ml: 24 unidades
Opcional servicio de impresion",in stock,new,4147.00 ARS,http://localhost:3000/producto/pinta-ipa-i-453-ml,https://cdn.sanity.io/images/4sov2yyo/production/5bbb67c63aa321a0b3e8e476b850490d28631da5-1280x1280.jpg,,DC Inc,PRPI0453,,
CRPM0437,Pinta Ipa Munich 437 ml,"Capacidad 437 ml
Caja de 437 ml: 12 unidades
Opcional servicio de impresion",out of stock,new,3785.25 ARS,http://localhost:3000/producto/pinta-ipa-munich-437-ml,https://cdn.sanity.io/images/4sov2yyo/production/e411a97ba4f17ee97f948c047e35f82e98b88326-1280x1280.jpg,,DC Inc,CRPM0437,,
RIPI0540,Pinta Irlandesa 540 ml,"Capacidad 540 ml
Caja de 540 ml: 36 unidades
Opcional servicio de impresion",in stock,new,1529.61 ARS,http://localhost:3000/producto/pinta-irlandesa-540-ml,https://cdn.sanity.io/images/4sov2yyo/production/f2f71ee7076dc458762ce2830af57c20c90b5a6f-1280x1280.jpg,,DC Inc,RIPI0540,,
PRPJI0355,Pinta Jamaica 1 - 355 ml,"Capacidad 355 ml
Caja de 12 unidades
Opcional servicio de impresion",in stock,new,3136.57 ARS,http://localhost:3000/producto/pinta-jamaica-1-355-ml,https://cdn.sanity.io/images/4sov2yyo/production/e89af574f9648fff088e2349ff65b95e736a09b0-1280x1280.jpg,,DC Inc,PRPJI0355,,
PRPJII0375,Pinta Jamaica 2 - 375 ml,"Capacidad 375 ml
Caja de 24 unidades
Opcional servicio de impresion",in stock,new,3961.98 ARS,http://localhost:3000/producto/pinta-jamaica-2-375-ml,https://cdn.sanity.io/images/4sov2yyo/production/977939923f5e7a5c73188a64996f6a92b6208a95-1280x1280.jpg,,DC Inc,PRPJII0375,,
NAMJ0300,Pinta Joinville 300 ml,"Capacidad 300 ml
Caja de 300 ml: 24 unidades
Opcional servicio de impresion",in stock,new,2570.71 ARS,http://localhost:3000/producto/pinta-joinville-300-ml,https://cdn.sanity.io/images/4sov2yyo/production/f6387f1a520b924f9390f0b9ce071355701f3b7e-1280x1280.jpg,,DC Inc,NAMJ0300,,
NAPJ0680,Pinta Joinville 680 ml,"Capacidad 680 ml
Caja de 680 ml: 12 unidades
Opcional servicio de impresion",in stock,new,3489.65 ARS,http://localhost:3000/producto/pinta-joinville-680-ml,https://cdn.sanity.io/images/4sov2yyo/production/f6387f1a520b924f9390f0b9ce071355701f3b7e-1280x1280.jpg,,DC Inc,NAPJ0680,,
CRPK0400,Pinta Kassel 400 ml,"- Capacidad 400 ml
- Caja de 48 unidades
- Opcional servicio de impresion
- Producto Importado",in stock,new,3358.19 ARS,http://localhost:3000/producto/pinta-kassel-400-ml,https://cdn.sanity.io/images/4sov2yyo/production/4ab5fa7b788e770a866d4d675fe8b99b3de69ff2-1280x1280.jpg,,DC Inc,CRPK0400,,
BVPK0520,Pinta Koblenz 520 ml,"Pinta Koblenz alta.
Capacidad 520 ml.
Caja de 12 unidades.
Opcional servicio de impresion.",in stock,new,5498.91 ARS,http://localhost:3000/producto/pinta-koblenz-520-ml,https://cdn.sanity.io/images/4sov2yyo/production/516623dfd9a6b58f48d724672558abc0b0a7faef-1280x1280.png,,DC Inc,BVPK0520,,
PRPL0473,Pinta Lata Nacional 473 ml,"Pinta Lata.
Capacidad 473 ml.
Caja de 24 unidades.
Opcional servicio de impresion.",out of stock,new,4167.77 ARS,http://localhost:3000/producto/pinta-lata-nacional-473-ml,https://cdn.sanity.io/images/4sov2yyo/production/95888a875fd0f813d1cbeb6cd0b5bd7e7822f79e-1280x1280.png,,DC Inc,PRPL0473,,
CRPL0466,Pinta London Alto 466 ml,"Capacidad 466 ml
Caja de 466 ml: 48 unidades
Opcional servicio de impresion",in stock,new,2117.63 ARS,http://localhost:3000/producto/pinta-london-alto-466-ml,https://cdn.sanity.io/images/4sov2yyo/production/5ac317457b6b59b199696bff4f369a926d2c68e8-1280x1280.jpg,,DC Inc,CRPL0466,,
PRPL0520,Pinta Long 520 ml,"Pinta Long.
Capacidad 520 ml.
Caja de 12 unidades.
Opcional servicio de impresion.",in stock,new,5166.37 ARS,http://localhost:3000/producto/pinta-long-520-ml,https://cdn.sanity.io/images/4sov2yyo/production/1a8567363510388d602ec0ee80c6e2b4ccd973ad-1280x1280.png,,DC Inc,PRPL0520,,
BVPL0630,Pinta Lubeck 630 ml,"- Capacidad 630 ml
- Caja de 6 unidades
- Opcional servicio de impresion
- Producto Importado",in stock,new,5808.21 ARS,http://localhost:3000/producto/pinta-lubeck-630-ml,https://cdn.sanity.io/images/4sov2yyo/production/a417092b0fdd7853a9b5105fd69686e6dfdbfc44-1280x1280.png,,DC Inc,BVPL0630,,
NAMM0300,Pinta Munichao 300 ml,"Capacidad 300 ml
Caja de 350 ml: 24 unidades
Opcional servicio de impresion",in stock,new,2142.54 ARS,http://localhost:3000/producto/pinta-munichao-300-ml,https://cdn.sanity.io/images/4sov2yyo/production/62b7f21c726b39cf6f4d95643a91cb2853d4dabe-1280x1280.png,,DC Inc,NAMM0300,,
ROVM350,Pinta Munichao 350 ml,"Capacidad 300 ml
Caja de 300 ml: 24 unidades
Opcional servicio de impresion",in stock,new,1184.79 ARS,http://localhost:3000/producto/pinta-munichao-350-ml,https://cdn.sanity.io/images/4sov2yyo/production/3ce520ba1c0466579a7c7544ef319c8ae8330f3b-1280x1280.jpg,,DC Inc,ROVM350,,
NAPM0530,Pinta Munichao 530 ml,"Capacidad 530 ml
Caja de 530 ml: 12 unidades
Opcional servicio de impresion",in stock,new,2877.03 ARS,http://localhost:3000/producto/pinta-munichao-530-ml,https://cdn.sanity.io/images/4sov2yyo/production/4bef33eac78031de1d829954668d9ecc7f52dcde-1280x1280.jpg,,DC Inc,NAPM0530,,
NAPO0400,Pinta Oca 400 ml,"Pinta Oca
Capacidad 400 ml.
Caja de 24 unidades.
Opcional servicio de impresion.",in stock,new,2264.41 ARS,http://localhost:3000/producto/pinta-oca-400-ml,https://cdn.sanity.io/images/4sov2yyo/production/f137bdaadc60ddadee7d5cb1b7f1f2641e8360e7-1280x1280.png,,DC Inc,NAPO0400,,
NATP0390,Pinta Pilsener Catarina 390 ml,"Capacidad 390 ml
Caja de 6 unidades
Opcional servicio de impresion",out of stock,new,4025.90 ARS,http://localhost:3000/producto/pinta-pilsener-catarina-390-ml,https://cdn.sanity.io/images/4sov2yyo/production/9574d20d2d6df330f9a8588446b09563e2365193-1280x1280.jpg,,DC Inc,NATP0390,,
LBPP0474,Pinta Pinnacle 474 ml,"Pinta Long.
Capacidad 474 ml.
Caja de 24 unidades.
Opcional servicio de impresion.",in stock,new,6738.67 ARS,http://localhost:3000/producto/pinta-pinnacle-474-ml,https://cdn.sanity.io/images/4sov2yyo/production/66efc479526ed9d17fd9db193c36a7a50bb88bd0-1280x1280.png,,DC Inc,LBPP0474,,
ROPP380,Pinta Porto 380 ml,"Capacidad 380 ml
Caja de 380 ml: 6un unidades
Opcional servicio de impresion",in stock,new,2076.54 ARS,http://localhost:3000/producto/pinta-porto-380-ml,https://cdn.sanity.io/images/4sov2yyo/production/57a66950196072a4c69dc9296e0c5417be8496a2-1280x1280.jpg,,DC Inc,ROPP380,,
NAPS0473,Pinta Stout 473 ml,"Capacidad 473 ml
Caja de 473 ml: 12 unidades
Opcional servicio de impresion",in stock,new,2326.98 ARS,http://localhost:3000/producto/pinta-stout-473-ml,https://cdn.sanity.io/images/4sov2yyo/production/45d6bb3e6f805c26be5210cfd65b17d3f6e78550-1280x1280.jpg,,DC Inc,NAPS0473,,
DXPT0400,Pinta Tango 400 ml,"Capacidad 400 ml
Caja de 400 ml: 24 unidades
Opcional servicio de impresion",in stock,new,966.68 ARS,http://localhost:3000/producto/pinta-tango-400-ml,https://cdn.sanity.io/images/4sov2yyo/production/45867561dec6933cbfdb0270d6ca278c71eda32c-1280x1280.png,,DC Inc,DXPT0400,,
NAVTL0330,Pinta Vegas Trago Largo 330 ml,"Vegas Trago Largo
Capacidad 330 ml.
Caja de 24 unidades.
Opcional servicio de impresion.",in stock,new,2205.12 ARS,http://localhost:3000/producto/pinta-vegas-trago-largo-330-ml,https://cdn.sanity.io/images/4sov2yyo/production/b7c299ecfdb9b81d2661643c66bcb06ab5e3ea99-1280x1280.png,,DC Inc,NAVTL0330,,
ROPW390,Pinta Willi 390 ml,"Capacidad 390 ml
Caja de 390 ml: 6un unidades
Opcional servicio de impresion",in stock,new,2023.97 ARS,http://localhost:3000/producto/pinta-willi-390-ml,https://cdn.sanity.io/images/4sov2yyo/production/7948aab745eee9e44973106c93eb028da397292a-1280x1280.jpg,,DC Inc,ROPW390,,
PWCH0380,Pinta Wind 380 ml,"Pinta Wind.
Capacidad 380 ml.
Caja de 24 unidades.
Opcional servicio de impresion.",in stock,new,2899.56 ARS,http://localhost:3000/producto/pinta-wind-380-ml,https://cdn.sanity.io/images/4sov2yyo/production/3d9c13c39a0d68169b1258cbd3bef84f7a8a2cc8-1280x1280.jpg,,DC Inc,PWCH0380,,
PTTC38,Precinto termocontraible 38x37 mm - Cristal - botellas,"• Precinto de PVC reciclable
• Color cristal - Sin impresión
• Ideal para bocas de botella con 2 cm de diámetro
• Con troquel ""abrefácil""
• Ancho aplastado de 38 mm
• Largo 37 mm
Este insumo es util para la seguridad y estética de tu producto.
Tenemos la posibilidad de hacer el precinto que se adapte a tu medida a partir de cierta cantidad, consultar.
Tambien podemos personalizarlos a partir de 40000 unidades, consultar.
Precios sujetos a dólar billete del día Banco Nacion. Se fija cotización a partir de acreditación de pago.",in stock,new,43.52 ARS,http://localhost:3000/producto/precinto-termocontraible-38x37-mm-cristal-botellas,https://cdn.sanity.io/images/4sov2yyo/production/0ec6f12bf373b2100c50439213896f871c36a978-1000x1000.png,,DC Inc,PTTC38,,
PTTC50,Precinto termocontraible 61x45 mm - Colores - botellas,"• Precinto de PVC reciclable
• Colores disponibles: Dorado, Plata y Negro - Sin impresión
• Ideal para bocas de botella con hasta 3,5 cm de diámetro
• Con troquel ""abrefácil""
• Ancho aplastado de 61 mm
• Largo 45 mm
Este insumo es util para la seguridad y estética de tu producto.
Tenemos la posibilidad de hacer el precinto que se adapte a tu medida a partir de cierta cantidad, consultar.
Tambien podemos personalizarlos a partir de 40000 unidades, consultar.
Precios sujetos a dólar billete del día Banco Nacion. Se fija cotización a partir de acreditación de pago.",in stock,new,45.70 ARS,http://localhost:3000/producto/precinto-termocontraible-61x45-mm-colores-botellas,https://cdn.sanity.io/images/4sov2yyo/production/d0790d8c89c9f0dfd6975179de66310dd6618c6d-1000x1000.png,,DC Inc,PTTC50,,
PTT61,Precinto termocontraible 61x45 mm - Cristal - botellas,"• Precinto de PVC reciclable
• Color cristal - Sin impresión
• Ideal para bocas de botella con hasta 3,5 cm de diámetro
• Con troquel ""abrefácil""
• Ancho aplastado de 61 mm
• Largo 45 mm
Este insumo es util para la seguridad y estética de tu producto.
Tenemos la posibilidad de hacer el precinto que se adapte a tu medida a partir de cierta cantidad, consultar.
Tambien podemos personalizarlos a partir de 40000 unidades, consultar.
Precios sujetos a dólar billete del día Banco Nacion. Se fija cotización a partir de acreditación de pago.",in stock,new,47.43 ARS,http://localhost:3000/producto/precinto-termocontraible-61x45-mm-cristal-botellas,https://cdn.sanity.io/images/4sov2yyo/production/13f09e4724c9f083c5ad2229a2e3acb7602f145a-1000x1000.jpg,,DC Inc,PTT61,,
PTTC70,Precinto termocontraible 70x30 mm - Cristal - botellones,"• Precinto de PVC reciclable
• Color cristal - Sin impresión
• Ideal para bocas de botella con 4,5 cm de diámetro
• Con troquel ""abrefácil""
• Ancho aplastado de 61 mm
• Largo 45 mm
Este insumo es util para la seguridad y estética de tu producto.
Tenemos la posibilidad de hacer el precinto que se adapte a tu medida a partir de cierta cantidad, consultar.
Tambien podemos personalizarlos a partir de 40000 unidades, consultar.
Precios sujetos a dólar billete del día Banco Nacion. Se fija cotización a partir de acreditación de pago.",in stock,new,48.67 ARS,http://localhost:3000/producto/precinto-termocontraible-70x30-mm-cristal-botellones,https://cdn.sanity.io/images/4sov2yyo/production/13f09e4724c9f083c5ad2229a2e3acb7602f145a-1000x1000.jpg,,DC Inc,PTTC70,,
CRSC1000,Super Chop Cervecero 1000 ml,"Capacidad 1000 ml
Caja de 12 unidades
Opcional servicio de impresion",in stock,new,9182.39 ARS,http://localhost:3000/producto/super-chop-cervecero-1000-ml,https://cdn.sanity.io/images/4sov2yyo/production/303818e1cc0236fb1f14eb37574c5ae0a4a0b43b-1280x1280.jpg,,DC Inc,CRSC1000,,
CRSC0620,Super Copon 620 ml,"- Capacidad 210 ml
- Caja de 24 unidades
- Opcional servicio de impresion
- Producto Importado",in stock,new,2893.18 ARS,http://localhost:3000/producto/super-copon-620-ml,https://cdn.sanity.io/images/4sov2yyo/production/6a9214ee25bcc4829fa81522d24ca3c94da6ff9c-1280x1280.jpg,,DC Inc,CRSC0620,,
PRSP1000,Super Pinta 1000 ml,"Capacidad 1000 ml
Caja de 12 unidades
Opcional servicio de impresion",in stock,new,5942.97 ARS,http://localhost:3000/producto/super-pinta-1000-ml,https://cdn.sanity.io/images/4sov2yyo/production/6c83db1e44e02cf963fbccd674b96ea7098b05f9-1280x1280.png,,DC Inc,PRSP1000,,
TC27C,Tapa Corona 27 mm Estandar,"• Tapa tipo corona
• Calidad Estandar
• Material metal
• De 27 mm
• Azul, verde, dorado, plata, rojo y negro
• Origen Importado
• Bolsa de 100 un c/u
Sin perdidas de liquido o Co2.",in stock,new,109.01 ARS,http://localhost:3000/producto/tapa-corona-27-mm-estandar,https://cdn.sanity.io/images/4sov2yyo/production/afee8d6295b69e344b9ba1f329a10ea508a3c598-1000x1000.jpg,,DC Inc,TC27C,,
TC29C,Tapa Corona 29 mm Estandar,"• Tapa tipo corona
• Calidad Estandar
• Material metal
• De 29 mm
• Dorado
• Origen Importado
• Bolsa de 100 un c/u
Sin perdidas de liquido o Co2.",in stock,new,130.81 ARS,http://localhost:3000/producto/tapa-corona-29-mm-estandar,https://cdn.sanity.io/images/4sov2yyo/production/a3b83f0879dfcc3a10a59de9d096849e3240b1b0-1000x1000.jpg,,DC Inc,TC29C,,
TC27PIVA,Tapa Corona Premium 27 mm - Impresa,"• Tapa tipo corona
• Calidad premium
• Material metal
• De 27 mm
• Amarillo, verde, violeta, rojo y negro
• Origen Nacional
• Bolsa de 100 un c/u
Este producto es único en el mercado por su calidad. El compuesto interno contiene anillo sanitario que es el indicado para cerveza artesanal. Garantiza el cerrado hermetico del envase. Sin perdidas de liquido o Co2.",in stock,new,130.17 ARS,http://localhost:3000/producto/tapa-corona-premium-27-mm-impresa,https://cdn.sanity.io/images/4sov2yyo/production/69b19ac91eb41e2ded5aea838bc1f4727b70800d-1000x1000.jpg,,DC Inc,TC27PIVA,,
TC27PL,Tapa Corona Premium 27 mm - Lisa,"• Tapa tipo corona
• Calidad premium
• Material metal
• De 27 mm
• Azul, verde, dorado, plata, rojo y negro
• Origen Nacional
• Bolsa de 100 un c/u
Este producto es único en el mercado por su calidad. El compuesto interno contiene anillo sanitario que es el indicado para cerveza artesanal. Garantiza el cerrado hermetico del envase. Sin perdidas de liquido o Co2.",in stock,new,90.87 ARS,http://localhost:3000/producto/tapa-corona-premium-27-mm-lisa,https://cdn.sanity.io/images/4sov2yyo/production/4d0396737d1581ec43339ebf1930125a9820a8d8-1000x1000.jpg,,DC Inc,TC27PL,,
TC29PA,Tapa Corona Premium 29 mm - Acero Inox,"• Tapa tipo corona
• Calidad premium
• Material Acero Inoxidable
• De 29 mm
• Plata
• Origen Importada
• Bolsa de 100 un c/u
Este producto es único en el mercado por su calidad. El compuesto interno contiene anillo sanitario que es el indicado para cerveza artesanal. Garantiza el cerrado hermetico del envase. Sin perdidas de liquido o Co2.",in stock,new,307.92 ARS,http://localhost:3000/producto/tapa-corona-premium-29-mm-acero-inox,https://cdn.sanity.io/images/4sov2yyo/production/e03d8641c369f8a4fe8fc92b78c01083c09e3703-1000x1000.jpg,,DC Inc,TC29PA,,
TC29PH,Tapa Corona Premium 29 mm - Hojalata,"• Tapa tipo corona
• Calidad premium
• Material hojalata
• De 29 mm
• Plata
• Origen Importada
• Bolsa de 100 un c/u
Este producto es único en el mercado por su calidad. El compuesto interno contiene anillo sanitario que es el indicado para cerveza artesanal. Garantiza el cerrado hermetico del envase. Sin perdidas de liquido o Co2.",in stock,new,302.70 ARS,http://localhost:3000/producto/tapa-corona-premium-29-mm-hojalata,https://cdn.sanity.io/images/4sov2yyo/production/e03d8641c369f8a4fe8fc92b78c01083c09e3703-1000x1000.jpg,,DC Inc,TC29PH,,
TPNB31544CIN,"Tapa Negra Bitter pilfer 33,4 mm - Con Inserto","• Ideal para botella OI Bit 750 ml
• Medida 33,4x44mm - Sin Inserto
• Color Negro",in stock,new,378.38 ARS,http://localhost:3000/producto/tapa-negra-bitter-pilfer-33-4-mm-con-inserto,https://cdn.sanity.io/images/4sov2yyo/production/40f497a88f1c3af5106f8a94fb9ea20e2620d8df-1000x1000.jpg,,DC Inc,TPNB31544CIN,,
TPNB31544SIN,"Tapa Negra Bitter pilfer 33,4 mm - Sin Inserto","• Ideal para botella OI Bitter 750 ml
• Medida 33,4x44mm - Sin Inserto
• Color Negro",in stock,new,232.25 ARS,http://localhost:3000/producto/tapa-negra-bitter-pilfer-33-4-mm-sin-inserto,https://cdn.sanity.io/images/4sov2yyo/production/40f497a88f1c3af5106f8a94fb9ea20e2620d8df-1000x1000.jpg,,DC Inc,TPNB31544SIN,,
TPPB31544CIN,"Tapa Plata Bitter pilfer 33,4 mm - Con Inserto","• Ideal para botella OI Bit 750 ml
• Medida 33,4x44mm - Sin Inserto
• Color PLATA",in stock,new,378.38 ARS,http://localhost:3000/producto/tapa-plata-bitter-pilfer-33-4-mm-con-inserto,https://cdn.sanity.io/images/4sov2yyo/production/40f497a88f1c3af5106f8a94fb9ea20e2620d8df-1000x1000.jpg,,DC Inc,TPPB31544CIN,,
TRALP,Tapa bitter ALI plástica,"• Tapa plastica para botella bitter de 750 ml
• Se utiliza en envases con rosca 31,5 mm
• Color negro
• No se dobla, no se deforma
• Origen Nacional",in stock,new,109.01 ARS,http://localhost:3000/producto/tapa-bitter-ali-plastica,https://cdn.sanity.io/images/4sov2yyo/production/ae872da9560edac892654098e4269354d3a22c8c-1000x1000.jpg,,DC Inc,TRALP,,
TR28A,Tapa botellón R28 aluminio,"• Tapa de aluminio para botellon/growler de 1000 ml
• Se utiliza en envases con rosca R28 - Tipo Roll on ciega
• Origen Nacional",in stock,new,135.69 ARS,http://localhost:3000/producto/tapa-botellon-r28-aluminio,https://cdn.sanity.io/images/4sov2yyo/production/6f0836697ee8b8e22b2a925abda146e8c412474f-1000x1000.jpg,,DC Inc,TR28A,,
TR28P,Tapa botellón R28 plástica,"• Tapa plastica para botellon/growler de 1000 ml
• Se utiliza en envases con rosca R28 - Tipo Roll on ciega
• No se dobla, no se deforma
• Origen Nacional",in stock,new,52.45 ARS,http://localhost:3000/producto/tapa-botellon-r28-plastica,https://cdn.sanity.io/images/4sov2yyo/production/3d8a670f9939bf3ba19e95ef8cad04ffee9e89e0-2250x2250.jpg,,DC Inc,TR28P,,
TGRP,Tapa growler plástica con cono,"• Tapa plastica para botellon/growler
• Se utiliza en envases con boca de 37 mm
• No se dobla, no se deforma
• Disponibles con o sin cono interno
• Origen Nacional",in stock,new,102.00 ARS,http://localhost:3000/producto/tapa-growler-plastica-con-cono,https://cdn.sanity.io/images/4sov2yyo/production/3a6edc66b21e044581940fde28322da2e4ed171a-1000x1000.jpg,,DC Inc,TGRP,,
TLAPB64,Tapa lata B64,"Tapa de aluminio nueva
Modelo B64
Para latas con capacidad de 354 o 473 ml
Color plata
Marca Ball
Cantidad por manga 570 unidades
Importante: Precios sujetos a dólar divisa del día Banco Nacion, se fija cotización a partir de acreditación de pago. Opcional cajas para distribucion de producto final, tambien podemos imprimir tu diseño. Four pack - Enganches - Clip varios colores.",in stock,new,75.09 ARS,http://localhost:3000/producto/tapa-lata-b64,https://cdn.sanity.io/images/4sov2yyo/production/a4df0174cf004975b2a42003e75c92d565f9e7be-1000x1000.jpg,,DC Inc,TLAPB64,,
TLAPCDL,Tapa lata CDL,"Tapa de aluminio nueva
Modelo CDL
Para latas con capacidad de 354 o 473 ml
Color plata
Marca Ball
Cantidad por manga 600 unidades
Importante: Precios sujetos a dólar divisa del día Banco Nacion, se fija cotización a partir de acreditación de pago. Opcional cajas para distribucion de producto final, tambien podemos imprimir tu diseño. Four pack - Enganches - Clip varios colores.",in stock,new,75.09 ARS,http://localhost:3000/producto/tapa-lata-cdl,https://cdn.sanity.io/images/4sov2yyo/production/a4df0174cf004975b2a42003e75c92d565f9e7be-1000x1000.jpg,,DC Inc,TLAPCDL,,
TR18A,Tapa mini bot R18 Aluminio Dorada,"• Tapa de aluminio dorada para mini botella barrica 50 ml
• Se utiliza en envases con rosca R18 - Tipo Roll on ciega
• Origen Nacional",in stock,new,99.16 ARS,http://localhost:3000/producto/tapa-mini-bot-r18-aluminio-dorada,https://cdn.sanity.io/images/4sov2yyo/production/6f0836697ee8b8e22b2a925abda146e8c412474f-1000x1000.jpg,,DC Inc,TR18A,,
TR28P,Tapa plástica con guarnición,"• Tapa plastica para botellon/growler
• Se utiliza en envases con boca de 37 mm
• No se dobla, no se deforma
• Origen Nacional",in stock,new,52.45 ARS,http://localhost:3000/producto/tapa-plastica-con-guarnicion,https://cdn.sanity.io/images/4sov2yyo/production/3d8a670f9939bf3ba19e95ef8cad04ffee9e89e0-2250x2250.jpg,,DC Inc,TR28P,,
TAGPBR2910B,"Tapón Agropecuario tipo ""T"" - Beige","• Ideal para botella agropecuario de 500 ml
• Macizo de una sola pieza inyectada
• Diámetro de cabezal 29 mm
• Espiga 16 mm
• Color negro o beige
Precios sujetos a dólar billete del día Banco Nacion. Se fija cotización a partir de acreditación de pago.",in stock,new,323.58 ARS,http://localhost:3000/producto/tapon-agropecuario-tipo-t-beige,https://cdn.sanity.io/images/4sov2yyo/production/9e6fad575965737455994787551424153f690c85-1000x1000.jpg,,DC Inc,TAGPBR2910B,,
TAGPBR2610N,"Tapón Agropecuario tipo ""T"" - Negro","• Ideal para botella agropecuario de 500 ml
• Macizo de una sola pieza inyectada
• Diámetro de cabezal 26 mm
• Diámetro espiga 16 mm
• Color negro
Precios sujetos a dólar billete del día Banco Nacion. Se fija cotización a partir de acreditación de pago.",in stock,new,323.58 ARS,http://localhost:3000/producto/tapon-agropecuario-tipo-t-negro,https://cdn.sanity.io/images/4sov2yyo/production/cad64aa68f567fcb77ef3339b3134d968f399f6e-1000x1000.jpg,,DC Inc,TAGPBR2610N,,
TABAR34-12225B,"Tapón Barrica tipo ""T"" - Beige","• Ideal para botella R Barrica 750 ml
• Macizo de una sola pieza inyectada
• Diámetro de cabezal 34 mm
• Espiga 22,5 mm
• Color beige
Precios sujetos a dólar billete del día Banco Nacion. Se fija cotización a partir de acreditación de pago.",in stock,new,373.16 ARS,http://localhost:3000/producto/tapon-barrica-tipo-t-beige,https://cdn.sanity.io/images/4sov2yyo/production/9e6fad575965737455994787551424153f690c85-1000x1000.jpg,,DC Inc,TABAR34-12225B,,
TABAR34-12225N,"Tapón Barrica tipo ""T"" - Negro","• Ideal para botella R Barrica 750 ml
• Macizo de una sola pieza inyectada
• Diámetro de cabezal 34 mm
• Espiga 22,5 mm
• Color negro
Precios sujetos a dólar billete del día Banco Nacion. Se fija cotización a partir de acreditación de pago.",in stock,new,373.16 ARS,http://localhost:3000/producto/tapon-barrica-tipo-t-negro,https://cdn.sanity.io/images/4sov2yyo/production/cad64aa68f567fcb77ef3339b3134d968f399f6e-1000x1000.jpg,,DC Inc,TABAR34-12225N,,
TAGPBR2912B,"Tapón Guarda tipo ""T"" - Beige","• Ideal para botella OI 750 ml
• Macizo de una sola pieza inyectada
• Diámetro de cabezal 29 mm
• Espiga 19 mm
• Color beige
Precios sujetos a dólar billete del día Banco Nacion. Se fija cotización a partir de acreditación de pago.",in stock,new,326.19 ARS,http://localhost:3000/producto/tapon-guarda-tipo-t-beige,https://cdn.sanity.io/images/4sov2yyo/production/9e6fad575965737455994787551424153f690c85-1000x1000.jpg,,DC Inc,TAGPBR2912B,,
TABAR34-12330B,"Tapón London tipo ""T"" - Beige","• Ideal para botella London 750 ml
• Macizo de una sola pieza inyectada
• Diámetro de cabezal 34 mm
• Espiga 23 mm
• Color beige
Precios sujetos a dólar billete del día Banco Nacion. Se fija cotización a partir de acreditación de pago.",in stock,new,373.16 ARS,http://localhost:3000/producto/tapon-london-tipo-t-beige,https://cdn.sanity.io/images/4sov2yyo/production/9e6fad575965737455994787551424153f690c85-1000x1000.jpg,,DC Inc,TABAR34-12330B,,
TAGPBR291220B,"Tapón Tokio tipo ""T"" - Beige","• Ideal para botella Tokio 375 y 500 ml
• Macizo de una sola pieza inyectada
• Diámetro de cabezal 29 mm
• Espiga 20 mm
• Color beige
Precios sujetos a dólar billete del día Banco Nacion. Se fija cotización a partir de acreditación de pago.",in stock,new,320.97 ARS,http://localhost:3000/producto/tapon-tokio-tipo-t-beige,https://cdn.sanity.io/images/4sov2yyo/production/9e6fad575965737455994787551424153f690c85-1000x1000.jpg,,DC Inc,TAGPBR291220B,,
NATP0300,Tulipa Pilsener 300 ml,"Capacidad 300 ml
Caja de 300 ml: 12 unidades
Opcional servicio de impresion",in stock,new,2386.26 ARS,http://localhost:3000/producto/tulipa-pilsener-300-ml,https://cdn.sanity.io/images/4sov2yyo/production/a79f10d233bba2f4c91c9429de82d1fbed4c1ac1-1280x1280.jpg,,DC Inc,NATP0300,,
VALC1-1,Valijin Regalo para 1 Botella + 1 Copa,"• Valijin de carton microcorrugado + carton
• Sin Impresión, espacios disponibles para personalizar de manera manual, serigrafia o vinilo de corte.
• Para 1 botella (modelos posibles: barrica 750, spirit 750 y Agropecuario 500 mas 1 copa (consultar por modelos posibles)
• Contenido: caja + 1 base desplegada + 1 manija plastica
• A partir de 1000 unidades la impresión es gratis, podes agregar la info que quieras. Tenes un costo unico que es para las películas de impresión que duran para futuras impresiones.",in stock,new,1369.50 ARS,http://localhost:3000/producto/valijin-regalo-para-1-botella-1-copa,https://cdn.sanity.io/images/4sov2yyo/production/11a1fb7525c4bb53fb13ab97a608d5b3766cbacf-1000x1000.png,,DC Inc,VALC1-1,,
NAAVA0240,Vaso Amassadinho 240 ml,"- Capacidad 240 ml
- Caja de 12 unidades
- Opcional servicio de impresion
- Producto Importado",out of stock,new,2386.26 ARS,http://localhost:3000/producto/vaso-amassadinho-240-ml,https://cdn.sanity.io/images/4sov2yyo/production/4f078a4643f0171b94bd3e466c2c472b70e229be-1280x1280.png,,DC Inc,NAAVA0240,,
NAVA450,Vaso Americano 450 ml,"Capacidad 450 ml
Caja de 450 ml: 24un unidades
Opcional servicio de impresion",in stock,new,2079.96 ARS,http://localhost:3000/producto/vaso-americano-450-ml,https://cdn.sanity.io/images/4sov2yyo/production/134db87624bcf3bf05c3756697dca2c43183a8f8-1280x1280.jpg,,DC Inc,NAVA450,,
NABAR0265,Vaso Bar whisky 265 ml,"Vaso Bar Whisky
Capacidad 265 ml.
Caja de 24 unidades.
Opcional servicio de impresion.",out of stock,new,1408.04 ARS,http://localhost:3000/producto/vaso-bar-whisky-265-ml,https://cdn.sanity.io/images/4sov2yyo/production/ad9619fb46960c627df87813110ef0d272419e44-16001x16000.png,,DC Inc,NABAR0265,,
NAB0410,Vaso Bristol Refresco 410 ml,"Capacidad 410 ml
Caja de 12 unidades
Opcional servicio de impresion",in stock,new,1261.48 ARS,http://localhost:3000/producto/vaso-bristol-refresco-410-ml,https://cdn.sanity.io/images/4sov2yyo/production/56c1c745e9efb9c6823a4060dcca9b21fc2e5d4c-1280x1280.jpg,,DC Inc,NAB0410,,
NABL0340,Vaso Bristol Trago Largo 340 ml,"Capacidad 340 ml
Caja de 12 unidades
Opcional servicio de impresion",in stock,new,1261.48 ARS,http://localhost:3000/producto/vaso-bristol-trago-largo-340-ml,https://cdn.sanity.io/images/4sov2yyo/production/bb551d7a06643e0a6d4854b5e5b8d5774b85c56a-1280x1280.png,,DC Inc,NABL0340,,
NAWB0320,Vaso Bristol Whisky 320 ml,"Capacidad 320 ml
Caja de 12 unidades
Opcional servicio de impresion",in stock,new,1592.49 ARS,http://localhost:3000/producto/vaso-bristol-whisky-320-ml,https://cdn.sanity.io/images/4sov2yyo/production/f95e3bf2a4eeafac09e54a2710fe67ecc5038ffd-1280x1280.jpg,,DC Inc,NAWB0320,,
SMB0330,Vaso Brooklyn 330 ml,"Capacidad 330 ml
Caja de 330 ml: 24 unidades
Opcional servicio de impresion",in stock,new,2205.12 ARS,http://localhost:3000/producto/vaso-brooklyn-330-ml,https://cdn.sanity.io/images/4sov2yyo/production/f0b10c8fe4887f5623a437b4fc84e2135761275e-1280x1280.png,,DC Inc,SMB0330,,
CRCA0408,Vaso Capella 408 ml,"Capacidad 408 ml
Caja de 408 ml: 24 unidades
Opcional servicio de impresion",in stock,new,1614.26 ARS,http://localhost:3000/producto/vaso-capella-408-ml,https://cdn.sanity.io/images/4sov2yyo/production/ef7859df82bb79c21694e44afcb409e2973210b4-1280x1280.png,,DC Inc,CRCA0408,,
NACTL0410,Vaso Capri 410 ml,"Vaso Capri
Capacidad 410 ml.
Caja de 24 unidades.
Opcional servicio de impresion.",out of stock,new,2142.54 ARS,http://localhost:3000/producto/vaso-capri-410-ml,https://cdn.sanity.io/images/4sov2yyo/production/aa4d292216bbbdf68078cc90baf78dae5e390c77-16001x16000.png,,DC Inc,NACTL0410,,
NACAP0340,Vaso Capri Whisky 340 ml,"Vaso Capri Whisky
Capacidad 340 ml.
Caja de 24 unidades.
Opcional servicio de impresion.",out of stock,new,1898.80 ARS,http://localhost:3000/producto/vaso-capri-whisky-340-ml,https://cdn.sanity.io/images/4sov2yyo/production/cc55ee187d8db0a08a83ff6b43274dd6e1664a49-16001x16000.png,,DC Inc,NACAP0340,,
NACYL0200,Vaso Cylinder 200 ml,"Vaso Cylinder
Capacidad 200 ml.
Caja de 24 unidades.
Opcional servicio de impresion.",in stock,new,1651.78 ARS,http://localhost:3000/producto/vaso-cylinder-200-ml,https://cdn.sanity.io/images/4sov2yyo/production/6b1a3f24b7a995f0da2355521d56c5eea0b78848-16001x16000.png,,DC Inc,NACYL0200,,
NACYL0320,Vaso Cylinder Whisky 320 ml,"Vaso Cylinder Whisky
Capacidad 320 ml.
Caja de 24 unidades.
Opcional servicio de impresion.",in stock,new,2079.96 ARS,http://localhost:3000/producto/vaso-cylinder-whisky-320-ml,https://cdn.sanity.io/images/4sov2yyo/production/0c9eeabcd0811a8502cea2c4fe7d73cbfcb9b4c1-16001x16000.png,,DC Inc,NACYL0320,,
NAETL0460,Vaso Estela 460 ml,"- Capacidad 460 ml
- Caja de 12 unidades
- Opcional servicio de impresion
- Producto Importado",out of stock,new,2692.58 ARS,http://localhost:3000/producto/vaso-estela-460-ml,https://cdn.sanity.io/images/4sov2yyo/production/56bbd11e4a372bc7e79b55a96037155e2b834680-1280x1280.png,,DC Inc,NAETL0460,,
VFEP0650,Vaso Fernet 650 ml,"Capacidad 650 ml
Caja de 20 unidades
Opcional servicio de impresion",in stock,new,6346.51 ARS,http://localhost:3000/producto/vaso-fernet-650-ml,https://cdn.sanity.io/images/4sov2yyo/production/a895f079be622b0ef3d75b556d46e25100d3e8aa-1280x1280.png,,DC Inc,VFEP0650,,
PRFI0483,Vaso Fernetero I 483 ml,"Vaso Fernetero I.
Capacidad 483 ml.
Caja de 24 unidades.
Opcional servicio de impresion.",in stock,new,3122.06 ARS,http://localhost:3000/producto/vaso-fernetero-i-483-ml,https://cdn.sanity.io/images/4sov2yyo/production/d375e026774938847c0c4c4cd2a9bc85df1b0651-1280x1280.png,,DC Inc,PRFI0483,,
LBFII0500,Vaso Fernetero II 500 ml,"Vaso Fernetero.
Capacidad 500 ml.
Caja de 12 unidades.
Opcional servicio de impresion.",in stock,new,4808.93 ARS,http://localhost:3000/producto/vaso-fernetero-ii-500-ml,https://cdn.sanity.io/images/4sov2yyo/production/d375e026774938847c0c4c4cd2a9bc85df1b0651-1280x1280.png,,DC Inc,LBFII0500,,
NAFTL0360,Vaso Firenze 360 ml,"Vaso Firenze
Capacidad 360 ml.
Caja de 24 unidades.
Opcional servicio de impresion.",out of stock,new,2079.96 ARS,http://localhost:3000/producto/vaso-firenze-360-ml,https://cdn.sanity.io/images/4sov2yyo/production/671f60b9bc48c35967f313ba523f14d2915a1a04-16001x16000.png,,DC Inc,NAFTL0360,,
NAWI0350,Vaso Ilhabella Whisky 350 ml,"Vaso Ilhabella Whisky.
Capacidad 350 ml.
Caja de 12 unidades.
Opcional servicio de impresion.",in stock,new,2386.26 ARS,http://localhost:3000/producto/vaso-ilhabella-whisky-350-ml,https://cdn.sanity.io/images/4sov2yyo/production/973370c3352bb151815afaa88571606a5e0db77b-1280x1280.jpg,,DC Inc,NAWI0350,,
RIJT0350,Vaso Jamaica 350 ml,"Cylinder Refresco.
Capacidad 350 ml.
Caja de 48 unidades.
Opcional servicio de impresion.",in stock,new,971.36 ARS,http://localhost:3000/producto/vaso-jamaica-350-ml,https://cdn.sanity.io/images/4sov2yyo/production/54777f12f132eedd413077a9baad6d695df06577-1280x1280.png,,DC Inc,RIJT0350,,
SML0300,Vaso Lager 300 ml,"Vaso Lager SM 300ml.
Capacidad 300 ml.
Caja de 24 unidades.
Opcional servicio de impresion.",in stock,new,2205.12 ARS,http://localhost:3000/producto/vaso-lager-300-ml,https://cdn.sanity.io/images/4sov2yyo/production/a79f10d233bba2f4c91c9429de82d1fbed4c1ac1-1280x1280.jpg,,DC Inc,SML0300,,
VLCH0050,Vaso Licor 50 ml (***),"Vaso Licor.
Capacidad 50 ml.
Caja de 72 unidades.
Opcional servicio de impresion.",in stock,new,817.28 ARS,http://localhost:3000/producto/vaso-licor-50-ml,https://cdn.sanity.io/images/4sov2yyo/production/78759f2486f529168c5153504fd670f9ddaecda0-1280x1280.jpg,,DC Inc,VLCH0050,,
NALIG0260,Vaso Lights 260 ml,"Vaso Lights
Capacidad 260 ml.
Caja de 24 unidades.
Opcional servicio de impresion.",out of stock,new,1775.29 ARS,http://localhost:3000/producto/vaso-lights-260-ml,https://cdn.sanity.io/images/4sov2yyo/production/6af053310c566e919791a4ad7d1e3c6f58718709-16001x16000.png,,DC Inc,NALIG0260,,
CHVL0250,Vaso Liso 250 ml,"Vaso Liso.
Capacidad 250 ml.
Caja de 48 unidades.
Opcional servicio de impresion.",in stock,new,1445.87 ARS,http://localhost:3000/producto/vaso-liso-250-ml,https://cdn.sanity.io/images/4sov2yyo/production/5f1d6610543cd63a3efe9b8d3eb2d6af32d183cf-1280x1280.png,,DC Inc,CHVL0250,,
NAMTL0395,Vaso Madrid 395 ml,"Vaso Madrid
Capacidad 395 ml.
Caja de 12 unidades.
Opcional servicio de impresion.",in stock,new,2509.78 ARS,http://localhost:3000/producto/vaso-madrid-395-ml,https://cdn.sanity.io/images/4sov2yyo/production/056e54f1ed3c0b2e8a2797a5401b39597d47fc96-16001x16000.png,,DC Inc,NAMTL0395,,
NAMAD0350,Vaso Madrid Whisky 350 ml,"Vaso Madrid Whisky
Capacidad 350 ml.
Caja de 12 unidades.
Opcional servicio de impresion.",in stock,new,2509.78 ARS,http://localhost:3000/producto/vaso-madrid-whisky-350-ml,https://cdn.sanity.io/images/4sov2yyo/production/5f4b878daa371308220bd126ee71f5fafeaafdc1-16001x16000.png,,DC Inc,NAMAD0350,,
CRVM0355,Vaso Montecarlo 355 ml,"Vaso Montecarlo.
Capacidad 355 ml.
Caja de 72 unidades.
Opcional servicio de impresion.",in stock,new,1109.05 ARS,http://localhost:3000/producto/vaso-montecarlo-355-ml,https://cdn.sanity.io/images/4sov2yyo/production/e6525920e6cded061a79d845ccc6005c5379ff6a-1280x1280.png,,DC Inc,CRVM0355,,
NAOF0220,Vaso Old Fashioned 220 ml,"Capacidad 220 ml
Caja de 2200 ml: 12 unidades
Opcional servicio de impresion",in stock,new,1958.09 ARS,http://localhost:3000/producto/vaso-old-fashioned-220-ml,https://cdn.sanity.io/images/4sov2yyo/production/57b24df67cadf88e1968b0bcecd3f26babf146b3-1280x1280.jpg,,DC Inc,NAOF0220,,
NAOTL0380,Vaso Opera 380 ml,"Vaso Opera
Capacidad 380 ml.
Caja de 24 unidades.
Opcional servicio de impresion.",out of stock,new,2020.67 ARS,http://localhost:3000/producto/vaso-opera-380-ml,https://cdn.sanity.io/images/4sov2yyo/production/1db0684333440529a0a4dd5e34df98f8be4ea74c-16001x16000.png,,DC Inc,NAOTL0380,,
RIO0520,Vaso Oslo 520 ml,"Capacidad 520 ml
Caja de 24 unidades
Opcional servicio de impresion",in stock,new,1465.81 ARS,http://localhost:3000/producto/vaso-oslo-520-ml,https://cdn.sanity.io/images/4sov2yyo/production/f1f66f8113c8b83404ba45cc28d3548dc461b7f9-1280x1280.png,,DC Inc,RIO0520,,
RIO0400,Vaso Oslo Refresco 400 ml,"Capacidad 400 ml
Caja de 36 unidades
Opcional servicio de impresion",in stock,new,1114.90 ARS,http://localhost:3000/producto/vaso-oslo-refresco-400-ml,https://cdn.sanity.io/images/4sov2yyo/production/56c1c745e9efb9c6823a4060dcca9b21fc2e5d4c-1280x1280.jpg,,DC Inc,RIO0400,,
NARTL0480,Vaso Ravena 480 ml,"Vaso Ravena
Capacidad 480 ml.
Caja de 24 unidades.
Opcional servicio de impresion.",in stock,new,1836.22 ARS,http://localhost:3000/producto/vaso-ravena-480-ml,https://cdn.sanity.io/images/4sov2yyo/production/691318cccffaaa66df803e2f1ca9d1535e200e84-16001x16000.png,,DC Inc,NARTL0480,,
B360AMAF63,Vaso Seelze 360 ml,"Capacidad 360 ml
Caja de 360 ml: 36 unidades
Opcional servicio de impresion",out of stock,new,392.47 ARS,http://localhost:3000/producto/vaso-seelze-360-ml,https://cdn.sanity.io/images/4sov2yyo/production/89fe9e4dfae54dacd1bd4a208b3728e1cdac0ab6-1280x1280.png,,DC Inc,B360AMAF63,,
RIPS0360,Vaso Seelze 360 ml,"Capacidad 360 ml
Caja de 360 ml: 48 unidades
Opcional servicio de impresion",in stock,new,1146.81 ARS,http://localhost:3000/producto/vaso-seelze-360-ml,https://cdn.sanity.io/images/4sov2yyo/production/89fe9e4dfae54dacd1bd4a208b3728e1cdac0ab6-1280x1280.png,,DC Inc,RIPS0360,,
NASTL0395,Vaso Sevilla 395 ml,"Vaso Sevilla
Capacidad 395 ml.
Caja de 12 unidades.
Opcional servicio de impresion.",in stock,new,2633.29 ARS,http://localhost:3000/producto/vaso-sevilla-395-ml,https://cdn.sanity.io/images/4sov2yyo/production/76e370f4f7e17b26a2cd5e3ff848967a3e4246c9-16001x16000.png,,DC Inc,NASTL0395,,
NASEV0395,Vaso Sevilla Whisky 355 ml,"Vaso Sevilla Whisky
Capacidad 355 ml.
Caja de 12 unidades.
Opcional servicio de impresion.",in stock,new,2570.71 ARS,http://localhost:3000/producto/vaso-sevilla-whisky-355-ml,https://cdn.sanity.io/images/4sov2yyo/production/167f444ce6d5ee0affa2c0f0d4198bf0c98dda82-16001x16000.png,,DC Inc,NASEV0395,,
VSCH0140,Vaso Soda 140 ml,"Vaso Soda
Capacidad 140 ml.
Caja de 24 unidades.
Opcional servicio de impresion.",in stock,new,1162.67 ARS,http://localhost:3000/producto/vaso-soda-140-ml,https://cdn.sanity.io/images/4sov2yyo/production/592477fa9381d6064a9f69c0913f491cb93ae488-1280x1280.jpg,,DC Inc,VSCH0140,,
NATTL0360,Vaso Topazio 360 ml,"- Capacidad 360 ml
- Caja de 12 unidades
- Opcional servicio de impresion
- Producto Nacional",out of stock,new,2877.03 ARS,http://localhost:3000/producto/vaso-topazio-360-ml,https://cdn.sanity.io/images/4sov2yyo/production/ba5eb1d674c76cf8b29daa40b10836c0d931975f-16001x16000.png,,DC Inc,NATTL0360,,
RVT0250,Vaso Tucuman 250 ml,"Vaso Tucuman.
Capacidad 250 ml.
Caja de 48 unidades.
Opcional servicio de impresion.",in stock,new,1051.11 ARS,http://localhost:3000/producto/vaso-tucuman-250-ml,https://cdn.sanity.io/images/4sov2yyo/production/5a126f575cf911cd03f4fec9907abaed2b93136d-1280x1280.png,,DC Inc,RVT0250,,
NAVTL0395,Vaso Valencia 395 ml,"Vaso Valencia
Capacidad 395 ml.
Caja de 12 unidades.
Opcional servicio de impresion.",out of stock,new,2386.26 ARS,http://localhost:3000/producto/vaso-valencia-395-ml,https://cdn.sanity.io/images/4sov2yyo/production/02e7f6ae89bdfe5c7647597933b25689d285ddb7-16001x16000.png,,DC Inc,NAVTL0395,,
NAVTL0350,Vaso Veneto 350 ml,"Vaso Veneto
Capacidad 350 ml.
Caja de 24 unidades.
Opcional servicio de impresion.",in stock,new,1836.22 ARS,http://localhost:3000/producto/vaso-veneto-350-ml,https://cdn.sanity.io/images/4sov2yyo/production/04fd7704095015d7f9ca62630137e908e908e267-16001x16000.png,,DC Inc,NAVTL0350,,
NAVEN0300,Vaso Veneto Whisky 300 ml,"Vaso Veneto Whisky
Capacidad 300 ml.
Caja de 24 unidades.
Opcional servicio de impresion.",out of stock,new,1651.78 ARS,http://localhost:3000/producto/vaso-veneto-whisky-300-ml,https://cdn.sanity.io/images/4sov2yyo/production/3bd780aadc6995e10b14f7d4886915426620b3b2-16001x16000.png,,DC Inc,NAVEN0300,,
CRWG0250,Vaso Whisky Bajo Galata 250 ml,"Vaso Whisky Bajo Galata 250 ml.
Capacidad 290 ml.
Caja de 24 unidades.
Opcional servicio de impresion.",in stock,new,2082.41 ARS,http://localhost:3000/producto/vaso-whisky-bajo-galata-250-ml,https://cdn.sanity.io/images/4sov2yyo/production/3ffc22fc9cbdcb245dce5fb3ad974468f39adf99-1280x1280.png,,DC Inc,CRWG0250,,
PRVDW0300,Vaso Whisky Danes 300 ml,"Capacidad 300 ml
Caja de 12 unidades
Opcional servicio de impresion",out of stock,new,6273.14 ARS,http://localhost:3000/producto/vaso-whisky-danes-300-ml,https://cdn.sanity.io/images/4sov2yyo/production/c4cfe4e2936cf27319143f2c64dfc53a55a8acde-1280x1280.png,,DC Inc,PRVDW0300,,
CRVD0300,Vaso Whisky Diamante 300 ml,"Vaso Whisky Diamante.
Capacidad 300 ml.
Caja de 48 unidades.
Opcional servicio de impresion.",in stock,new,4850.88 ARS,http://localhost:3000/producto/vaso-whisky-diamante-300-ml,https://cdn.sanity.io/images/4sov2yyo/production/d69fc46d501e8fa5b3c4cb3e0aab0cb55eb1e4b1-1280x1280.png,,DC Inc,CRVD0300,,
PRWFH0260,Vaso Whisky Fondo Hueco 260 ml,"Vaso Whisky Fondo Hueco.
Capacidad 260 ml.
Caja de 12 unidades.
Opcional servicio de impresion.",in stock,new,5405.25 ARS,http://localhost:3000/producto/vaso-whisky-fondo-hueco-260-ml,https://cdn.sanity.io/images/4sov2yyo/production/df17df4451a6dc9156566e81af0793b043b1f725-1280x1280.png,,DC Inc,PRWFH0260,,
CRWL0311,Vaso Whisky Lexington 311 ml,"Vaso Whisky Lexingyton.
Capacidad 311 ml.
Caja de 48 unidades.
Opcional servicio de impresion.",in stock,new,2235.63 ARS,http://localhost:3000/producto/vaso-whisky-lexington-311-ml,https://cdn.sanity.io/images/4sov2yyo/production/8250918d145dd87cfb973636d9f6fe1400f30a5f-1280x1280.png,,DC Inc,CRWL0311,,
RIWT0320,Vaso Whisky Tennesse 320 ml,"Vaso Whisky Tennesse.
Capacidad 320 ml.
Caja de 48 unidades.
Opcional servicio de impresion.",in stock,new,1003.25 ARS,http://localhost:3000/producto/vaso-whisky-tennesse-320-ml,https://cdn.sanity.io/images/4sov2yyo/production/534a01bc33f5c35b061604b0ee7ef39fc9352339-1280x1280.jpg,,DC Inc,RIWT0320,,
NAWV0290,Vaso Whisky Vegas 290 ml,"Vaso Whisky Vegas.
Capacidad 290 ml.
Caja de 24 unidades.
Opcional servicio de impresion.",in stock,new,1529.91 ARS,http://localhost:3000/producto/vaso-whisky-vegas-290-ml,https://cdn.sanity.io/images/4sov2yyo/production/d2ab38421710ae35d6f97b318b52859197fc89bf-1280x1280.png,,DC Inc,NAWV0290,,
VCP28,Válvula cremera Negra,"• Rosca larga 28/410
• Tubo de 15 cm
• Color negro
Precios sujetos a dólar billete del día Banco Nacion. Se fija cotización a partir de acreditación de pago.",in stock,new,401.20 ARS,http://localhost:3000/producto/valvula-cremera-negra,https://cdn.sanity.io/images/4sov2yyo/production/d1976a81b181d638d4e9f0024c27ed425d3db1c0-1000x1000.jpg,,DC Inc,VCP28,,
